trade_id,user_id,symbol,trade_type,open_time,close_time,open_price,close_price,lot_size,profit_loss,duration_secs
24617625-cf29-43e4-bff9-9b9ca6f17464,user_4,BTCUSD,SELL,2012-01-01 10:01:00,2012-01-01 10:02:00,4.58,4.58,0.49,0.0,60
e05b1f57-925d-4807-b178-e9ee9f238045,user_4,BTCUSD,BUY,2012-01-01 10:02:00,2012-01-01 10:03:00,4.58,4.58,0.17,0.0,60
97c69d2b-6d69-433d-85f3-4080ffa9e551,user_2,BTCUSD,BUY,2012-01-01 10:03:00,2012-01-01 10:04:00,4.58,4.58,0.62,0.0,60
48fed2e1-ee55-4806-92f5-ab7e6894d611,user_10,BTCUSD,SELL,2012-01-01 10:04:00,2012-01-01 10:05:00,4.58,4.58,0.21,0.0,60
3812f29a-32f5-4e1d-9d16-00096e40e870,user_8,BTCUSD,BUY,2012-01-01 10:05:00,2012-01-01 10:06:00,4.58,4.58,0.13,0.0,60
b9b848b3-9799-44da-a9c9-7b696c446fcf,user_2,BTCUSD,SELL,2012-01-01 10:06:00,2012-01-01 10:07:00,4.58,4.58,0.94,0.0,60
1f5e8c45-83c1-4646-a419-7a72ab713eba,user_4,BTCUSD,SELL,2012-01-01 10:07:00,2012-01-01 10:08:00,4.58,4.58,0.27,0.0,60
e6955602-7f4e-45d3-8500-ebfdb471d63f,user_10,BTCUSD,SELL,2012-01-01 10:08:00,2012-01-01 10:09:00,4.58,4.58,0.39,0.0,60
a651a108-822d-4c24-b637-ae522760ab06,user_6,BTCUSD,BUY,2012-01-01 10:09:00,2012-01-01 10:10:00,4.58,4.58,0.9,0.0,60
55ad2115-944b-47cb-ac70-7eca9f90bbe1,user_1,BTCUSD,BUY,2012-01-01 10:10:00,2012-01-01 10:11:00,4.58,4.58,0.54,0.0,60
92022c6b-d604-442f-aa67-bf0cfb058d6a,user_8,BTCUSD,BUY,2012-01-01 10:11:00,2012-01-01 10:12:00,4.58,4.58,0.52,0.0,60
4f4389fe-b34d-475f-a7fe-cbe05af4fd3f,user_10,BTCUSD,BUY,2012-01-01 10:12:00,2012-01-01 10:13:00,4.58,4.58,0.72,0.0,60
5bcccece-97a3-4951-8140-4e71152d911d,user_5,BTCUSD,BUY,2012-01-01 10:13:00,2012-01-01 10:14:00,4.58,4.58,0.85,0.0,60
6048dd9e-4bb3-4482-8d0c-0cefa0e5c92a,user_2,BTCUSD,BUY,2012-01-01 10:14:00,2012-01-01 10:15:00,4.58,4.58,0.79,0.0,60
75096de0-3bbf-4fa4-8ee1-8d471b57abcb,user_9,BTCUSD,BUY,2012-01-01 10:15:00,2012-01-01 10:16:00,4.58,4.58,0.81,0.0,60
f5c5dd2e-3bc9-4734-972d-1b5209dbfa91,user_3,BTCUSD,SELL,2012-01-01 10:16:00,2012-01-01 10:17:00,4.58,4.58,0.69,0.0,60
4a1df811-c584-41b2-8bef-97c5b1e6d1e6,user_4,BTCUSD,SELL,2012-01-01 10:17:00,2012-01-01 10:18:00,4.58,4.58,0.02,0.0,60
f615a9ac-4ffc-4882-9fa7-1b8e32099ba8,user_7,BTCUSD,BUY,2012-01-01 10:18:00,2012-01-01 10:19:00,4.58,4.58,0.83,0.0,60
afc02e78-b08d-433a-9bcb-dad805ccb6bc,user_2,BTCUSD,BUY,2012-01-01 10:19:00,2012-01-01 10:20:00,4.58,4.58,0.66,0.0,60
714f48ea-2976-478d-879a-b502d428d0c8,user_6,BTCUSD,BUY,2012-01-01 10:20:00,2012-01-01 10:21:00,4.58,4.58,0.61,0.0,60
c4e4bbf2-98f7-4f43-9f09-4c8987cf9c41,user_8,BTCUSD,BUY,2012-01-01 10:21:00,2012-01-01 10:22:00,4.58,4.58,0.34,0.0,60
3ac904b8-d2c3-4919-8a03-2d693628f88d,user_2,BTCUSD,SELL,2012-01-01 10:22:00,2012-01-01 10:23:00,4.58,4.58,0.9,0.0,60
4bc5f5cc-9a6b-43ac-9a09-b4d715d2b5df,user_8,BTCUSD,BUY,2012-01-01 10:23:00,2012-01-01 10:24:00,4.58,4.58,0.73,0.0,60
300193c1-29fc-401e-8564-6adc1b03acdf,user_4,BTCUSD,BUY,2012-01-01 10:24:00,2012-01-01 10:25:00,4.58,4.58,0.65,0.0,60
f7e63bea-bc95-4e90-8e8a-ffabcdc2b763,user_4,BTCUSD,SELL,2012-01-01 10:25:00,2012-01-01 10:26:00,4.58,4.58,0.52,0.0,60
e12fc759-965d-490e-8017-580c1e64973a,user_3,BTCUSD,BUY,2012-01-01 10:26:00,2012-01-01 10:27:00,4.58,4.58,0.79,0.0,60
aa9f70b7-b584-4e75-970e-e58009744f0f,user_2,BTCUSD,BUY,2012-01-01 10:27:00,2012-01-01 10:28:00,4.58,4.58,0.1,0.0,60
8281d47a-2cfa-4b4e-9960-e1b7ffcfc054,user_9,BTCUSD,SELL,2012-01-01 10:28:00,2012-01-01 10:29:00,4.58,4.58,0.98,0.0,60
b2de6a6e-56c7-4832-a043-e899b086a00b,user_6,BTCUSD,SELL,2012-01-01 10:29:00,2012-01-01 10:30:00,4.58,4.58,0.2,0.0,60
c9637108-88ca-4178-83af-bd9822f4e72f,user_8,BTCUSD,BUY,2012-01-01 10:30:00,2012-01-01 10:31:00,4.58,4.58,0.99,0.0,60
c54175ef-7e99-43a7-a4eb-cbdd5372fa14,user_10,BTCUSD,SELL,2012-01-01 10:31:00,2012-01-01 10:32:00,4.58,4.58,0.13,0.0,60
e63d16cf-3235-4505-bdb2-3c6675f6e029,user_4,BTCUSD,BUY,2012-01-01 10:32:00,2012-01-01 10:33:00,4.58,4.58,0.88,0.0,60
ca1fc2c1-785c-40e1-89ea-eeaeccc385a6,user_4,BTCUSD,BUY,2012-01-01 10:33:00,2012-01-01 10:34:00,4.58,4.58,0.34,0.0,60
a84d168d-563f-4e1d-988c-d8b304603797,user_2,BTCUSD,SELL,2012-01-01 10:34:00,2012-01-01 10:35:00,4.58,4.58,0.52,0.0,60
00637d08-4664-48e9-b591-43c7c946c442,user_10,BTCUSD,BUY,2012-01-01 10:35:00,2012-01-01 10:36:00,4.58,4.58,0.42,0.0,60
349ddf10-09c9-4d0b-adf8-77c6876e8bc3,user_4,BTCUSD,BUY,2012-01-01 10:36:00,2012-01-01 10:37:00,4.58,4.58,0.81,0.0,60
bc174062-d6a8-418e-b2be-2acde33bd1ae,user_10,BTCUSD,BUY,2012-01-01 10:37:00,2012-01-01 10:38:00,4.58,4.58,0.11,0.0,60
7a266816-0863-49aa-b590-de36f2e4ff5b,user_7,BTCUSD,BUY,2012-01-01 10:38:00,2012-01-01 10:39:00,4.58,4.58,0.19,0.0,60
6b6dab07-c07c-4336-a8f1-f983c313fd03,user_1,BTCUSD,SELL,2012-01-01 10:39:00,2012-01-01 10:40:00,4.58,4.58,0.1,0.0,60
9bf2844c-6421-4e91-8e23-67400fa5ff65,user_9,BTCUSD,SELL,2012-01-01 10:40:00,2012-01-01 10:41:00,4.58,4.58,0.32,0.0,60
4e2d5e68-035b-44bd-895b-be147ddfb6f8,user_10,BTCUSD,BUY,2012-01-01 10:41:00,2012-01-01 10:42:00,4.58,4.58,0.66,0.0,60
f9741580-5afd-40da-82ec-1f02c0a6e2ff,user_6,BTCUSD,BUY,2012-01-01 10:42:00,2012-01-01 10:43:00,4.58,4.58,0.51,0.0,60
6968e5f4-d854-4323-bd7a-68231d31802e,user_9,BTCUSD,SELL,2012-01-01 10:43:00,2012-01-01 10:44:00,4.58,4.58,0.61,0.0,60
a4432a1d-9a4e-4d7b-a9ed-f719ae7c641e,user_3,BTCUSD,BUY,2012-01-01 10:44:00,2012-01-01 10:45:00,4.58,4.58,0.02,0.0,60
3fcd1d85-bf8e-47b7-81e4-2c0d1c449224,user_4,BTCUSD,BUY,2012-01-01 10:45:00,2012-01-01 10:46:00,4.58,4.58,0.35,0.0,60
f562b7af-2a9b-4f60-b0a5-07717c862a15,user_7,BTCUSD,BUY,2012-01-01 10:46:00,2012-01-01 10:47:00,4.58,4.58,0.46,0.0,60
fe60592e-3c92-4d87-9d0f-a03801a47815,user_4,BTCUSD,BUY,2012-01-01 10:47:00,2012-01-01 10:48:00,4.58,4.58,0.58,0.0,60
646d5bd7-bc88-4e11-b27f-5eb9fb2338ed,user_10,BTCUSD,SELL,2012-01-01 10:48:00,2012-01-01 10:49:00,4.58,4.58,0.05,0.0,60
5c09b598-9e54-43ea-93da-0cf1de2cf6f9,user_9,BTCUSD,BUY,2012-01-01 10:49:00,2012-01-01 10:50:00,4.58,4.58,0.83,0.0,60
d2d4f772-25f6-4748-b613-fd018d397d6a,user_5,BTCUSD,BUY,2012-01-01 10:50:00,2012-01-01 10:51:00,4.58,4.58,0.34,0.0,60
f0345297-0462-41ac-b2f7-25f560cec1a6,user_5,BTCUSD,SELL,2012-01-01 10:51:00,2012-01-01 10:52:00,4.58,4.58,0.02,0.0,60
08a95325-26aa-456a-9397-fa92e8568d16,user_6,BTCUSD,BUY,2012-01-01 10:52:00,2012-01-01 10:53:00,4.58,4.58,0.19,0.0,60
29da8621-cb8e-49a5-851c-8e8c3f8215fb,user_1,BTCUSD,BUY,2012-01-01 10:53:00,2012-01-01 10:54:00,4.58,4.58,0.65,0.0,60
587ba616-686b-4ec2-876a-136b96f1bda4,user_1,BTCUSD,SELL,2012-01-01 10:54:00,2012-01-01 10:55:00,4.58,4.58,0.51,0.0,60
dfd4371a-1a02-48b4-8e64-0525cdc68a91,user_10,BTCUSD,SELL,2012-01-01 10:55:00,2012-01-01 10:56:00,4.58,4.58,0.34,0.0,60
79cc7f47-ecf9-4abf-a42d-f215e1ae28b6,user_5,BTCUSD,SELL,2012-01-01 10:56:00,2012-01-01 10:57:00,4.58,4.58,0.51,0.0,60
719ce1ed-6ba6-4796-bc11-c1400ee5dc06,user_6,BTCUSD,SELL,2012-01-01 10:57:00,2012-01-01 10:58:00,4.58,4.58,0.93,0.0,60
71fd4b96-5019-4258-bdde-15220ac374cc,user_7,BTCUSD,SELL,2012-01-01 10:58:00,2012-01-01 10:59:00,4.58,4.58,0.11,0.0,60
f333cff7-f651-4fd0-9cb4-be5a9423b619,user_9,BTCUSD,SELL,2012-01-01 10:59:00,2012-01-01 11:00:00,4.58,4.58,0.52,0.0,60
95eb8fbd-f8ec-4a66-9ef6-97bfa371755f,user_8,BTCUSD,BUY,2012-01-01 11:00:00,2012-01-01 11:01:00,4.58,4.58,0.96,0.0,60
8bf845de-c6f3-4871-a201-b47bcd91a010,user_1,BTCUSD,BUY,2012-01-01 11:01:00,2012-01-01 11:02:00,4.58,4.58,0.13,0.0,60
5156bc2a-c3bb-4b84-bc87-9747835aa2f8,user_2,BTCUSD,SELL,2012-01-01 11:02:00,2012-01-01 11:03:00,4.58,4.58,0.57,0.0,60
f03708c9-b355-46ee-9b28-8f4d96b92539,user_7,BTCUSD,BUY,2012-01-01 11:03:00,2012-01-01 11:04:00,4.58,4.58,0.39,0.0,60
8fc3b191-3c52-456c-9ec8-a7d0cb84d819,user_6,BTCUSD,SELL,2012-01-01 11:04:00,2012-01-01 11:05:00,4.58,4.58,0.22,0.0,60
c60c2a8d-f596-4d17-9ddf-2d2d2dc412f5,user_4,BTCUSD,SELL,2012-01-01 11:05:00,2012-01-01 11:06:00,4.58,4.58,0.87,0.0,60
51f2d3d7-09a1-439d-be69-c078fc452f24,user_7,BTCUSD,BUY,2012-01-01 11:06:00,2012-01-01 11:07:00,4.58,4.58,0.97,0.0,60
7f58f274-1484-436e-b40f-167adf9d705b,user_9,BTCUSD,SELL,2012-01-01 11:07:00,2012-01-01 11:08:00,4.58,4.58,0.16,0.0,60
a97a2116-309a-459c-a13b-b5a4dc16e360,user_3,BTCUSD,BUY,2012-01-01 11:08:00,2012-01-01 11:09:00,4.58,4.58,0.13,0.0,60
c03dd03b-7c55-4ab3-9a9e-cd451ea9045a,user_10,BTCUSD,SELL,2012-01-01 11:09:00,2012-01-01 11:10:00,4.58,4.58,0.62,0.0,60
fa96c3a7-8ef5-41c1-9297-0af02cbcea51,user_7,BTCUSD,BUY,2012-01-01 11:10:00,2012-01-01 11:11:00,4.58,4.58,0.52,0.0,60
1fa55099-0b46-4051-8458-006dbcfbe973,user_8,BTCUSD,BUY,2012-01-01 11:11:00,2012-01-01 11:12:00,4.58,4.58,0.99,0.0,60
9e2b6c22-c7f0-4888-9cc5-9c0ff2faad7b,user_7,BTCUSD,BUY,2012-01-01 11:12:00,2012-01-01 11:13:00,4.58,4.58,0.98,0.0,60
3b50669a-a288-4d4d-8bb0-ef5a81742ac7,user_4,BTCUSD,SELL,2012-01-01 11:13:00,2012-01-01 11:14:00,4.58,4.58,0.67,0.0,60
154e3e86-3809-4ce7-b3ff-6198deb82ffc,user_7,BTCUSD,SELL,2012-01-01 11:14:00,2012-01-01 11:15:00,4.58,4.58,0.11,0.0,60
79dce1a5-7870-425a-b4a9-b26b98db9f34,user_3,BTCUSD,BUY,2012-01-01 11:15:00,2012-01-01 11:16:00,4.58,4.58,0.42,0.0,60
3c64385c-b908-4e67-813b-d9179636a50a,user_8,BTCUSD,SELL,2012-01-01 11:16:00,2012-01-01 11:17:00,4.58,4.58,0.52,0.0,60
525efca5-553e-4e8f-9f42-70505514bb41,user_3,BTCUSD,BUY,2012-01-01 11:17:00,2012-01-01 11:18:00,4.58,4.58,0.97,0.0,60
de2d8496-cbdf-4bca-9ade-a1b01381ea6f,user_6,BTCUSD,BUY,2012-01-01 11:18:00,2012-01-01 11:19:00,4.58,4.58,0.03,0.0,60
b1f0be85-fa65-49ba-b4b8-61bd7a073d6c,user_6,BTCUSD,BUY,2012-01-01 11:19:00,2012-01-01 11:20:00,4.58,4.58,0.86,0.0,60
7f300280-1699-4233-9b4e-1e54b7320916,user_7,BTCUSD,SELL,2012-01-01 11:20:00,2012-01-01 11:21:00,4.58,4.58,0.69,0.0,60
cd39c7ed-9ea6-47f1-9a98-275d60678e5c,user_4,BTCUSD,SELL,2012-01-01 11:21:00,2012-01-01 11:22:00,4.58,4.58,0.97,0.0,60
e0020cc8-8358-487f-81f4-1b3ecb0dddb7,user_1,BTCUSD,BUY,2012-01-01 11:22:00,2012-01-01 11:23:00,4.58,4.58,0.18,0.0,60
fdaed3e7-42b1-469e-8d6d-e0036f7c2631,user_10,BTCUSD,BUY,2012-01-01 11:23:00,2012-01-01 11:24:00,4.58,4.58,0.82,0.0,60
5407c822-e3e0-45b5-af52-caf9cf2c74bb,user_3,BTCUSD,BUY,2012-01-01 11:24:00,2012-01-01 11:25:00,4.58,4.58,0.89,0.0,60
a671194a-b934-40b2-a366-ad2b0f9cd839,user_6,BTCUSD,SELL,2012-01-01 11:25:00,2012-01-01 11:26:00,4.58,4.58,0.8,0.0,60
6c39bc5d-17ed-4227-96b4-c10fcbffdd25,user_1,BTCUSD,BUY,2012-01-01 11:26:00,2012-01-01 11:27:00,4.58,4.58,0.98,0.0,60
ee5c66ec-1ce8-4562-9700-ff87e9d34425,user_7,BTCUSD,BUY,2012-01-01 11:27:00,2012-01-01 11:28:00,4.58,4.58,0.85,0.0,60
a8395b9b-4eb4-46f2-ae4b-f9f8519b7d8c,user_2,BTCUSD,SELL,2012-01-01 11:28:00,2012-01-01 11:29:00,4.58,4.58,0.01,0.0,60
a2f98f57-1e22-443f-a7bf-6aaa7a3eec34,user_8,BTCUSD,BUY,2012-01-01 11:29:00,2012-01-01 11:30:00,4.58,4.58,0.8,0.0,60
aeea49a2-0dfb-4946-951d-237dcd7725f4,user_5,BTCUSD,BUY,2012-01-01 11:30:00,2012-01-01 11:31:00,4.58,4.58,0.57,0.0,60
34aab90b-7c10-4988-9a03-78d1c1f105b9,user_4,BTCUSD,BUY,2012-01-01 11:31:00,2012-01-01 11:32:00,4.58,4.58,0.63,0.0,60
59cb4f40-9893-4e29-beeb-070c8f36ecea,user_4,BTCUSD,SELL,2012-01-01 11:32:00,2012-01-01 11:33:00,4.58,4.58,0.11,0.0,60
092f6102-fca2-448c-9f0c-d06d52bfe741,user_10,BTCUSD,SELL,2012-01-01 11:33:00,2012-01-01 11:34:00,4.58,4.58,0.62,0.0,60
eb1f380c-d3d1-4706-bdf0-0b1cf5f6e2a2,user_8,BTCUSD,SELL,2012-01-01 11:34:00,2012-01-01 11:35:00,4.58,4.58,0.81,0.0,60
1c2af213-5ed7-49fe-93ea-f03b7acdc003,user_10,BTCUSD,SELL,2012-01-01 11:35:00,2012-01-01 11:36:00,4.58,4.58,0.95,0.0,60
709c1c0a-ba29-425c-85cd-baaa407b0d5b,user_9,BTCUSD,BUY,2012-01-01 11:36:00,2012-01-01 11:37:00,4.58,4.58,0.44,0.0,60
d38b4fd2-6a60-4132-b020-1f9667cce263,user_10,BTCUSD,SELL,2012-01-01 11:37:00,2012-01-01 11:38:00,4.58,4.58,0.46,0.0,60
4e3a7ea2-4cc8-47d5-8623-0631d43da940,user_4,BTCUSD,SELL,2012-01-01 11:38:00,2012-01-01 11:39:00,4.58,4.58,0.05,0.0,60
96245563-f210-42b1-a31b-1f841cc16329,user_8,BTCUSD,BUY,2012-01-01 11:39:00,2012-01-01 11:40:00,4.58,4.58,0.34,0.0,60
0ce75e1e-54c6-4bcc-9321-eec61fca8ad4,user_8,BTCUSD,BUY,2012-01-01 11:40:00,2012-01-01 11:41:00,4.58,4.58,0.46,0.0,60
6ec7d5ca-06d5-4747-b151-19c6b44af14a,user_7,BTCUSD,SELL,2012-01-01 11:41:00,2012-01-01 11:42:00,4.58,4.58,0.84,0.0,60
d33b0f70-2294-4c53-8eeb-8aa1b5dd62ac,user_1,BTCUSD,BUY,2012-01-01 11:42:00,2012-01-01 11:43:00,4.58,4.58,0.37,0.0,60
a064d02c-5996-4f75-bc6b-97b21b439696,user_7,BTCUSD,BUY,2012-01-01 11:43:00,2012-01-01 11:44:00,4.58,4.58,0.44,0.0,60
563bba03-a8fc-4fb8-ad02-553d0f26a7e1,user_10,BTCUSD,BUY,2012-01-01 11:44:00,2012-01-01 11:45:00,4.58,4.58,0.54,0.0,60
d1452a70-1a72-4973-a22e-a2a7ccbed6f7,user_2,BTCUSD,BUY,2012-01-01 11:45:00,2012-01-01 11:46:00,4.58,4.58,0.48,0.0,60
85d17d4d-e273-4a52-8d6e-4a0c81e5f60a,user_7,BTCUSD,BUY,2012-01-01 11:46:00,2012-01-01 11:47:00,4.58,4.58,0.1,0.0,60
de4e29f5-ca4e-4c9b-8d17-224806f62105,user_2,BTCUSD,SELL,2012-01-01 11:47:00,2012-01-01 11:48:00,4.58,4.58,0.76,0.0,60
5ec41f67-df92-4de7-b0bf-baccda65fadc,user_7,BTCUSD,BUY,2012-01-01 11:48:00,2012-01-01 11:49:00,4.58,4.58,0.38,0.0,60
59ca4297-6341-401c-9730-b2a39345490f,user_1,BTCUSD,BUY,2012-01-01 11:49:00,2012-01-01 11:50:00,4.58,4.58,0.86,0.0,60
3424ec6c-bb9e-472c-ae9f-09e137a18a90,user_1,BTCUSD,BUY,2012-01-01 11:50:00,2012-01-01 11:51:00,4.58,4.58,0.44,0.0,60
f6cb6f74-1ecb-448d-bf48-064882f0691f,user_8,BTCUSD,BUY,2012-01-01 11:51:00,2012-01-01 11:52:00,4.58,4.58,0.17,0.0,60
5e4470c0-7ddb-4e2e-b23d-52ec42d3208f,user_10,BTCUSD,BUY,2012-01-01 11:52:00,2012-01-01 11:53:00,4.58,4.58,0.01,0.0,60
e057ae19-6021-4673-86e3-2547e5f0d45f,user_2,BTCUSD,SELL,2012-01-01 11:53:00,2012-01-01 11:54:00,4.58,4.58,0.56,0.0,60
5b82ca5d-22d1-48f6-bc64-962752ea3787,user_6,BTCUSD,BUY,2012-01-01 11:54:00,2012-01-01 11:55:00,4.58,4.58,0.28,0.0,60
2d1b8fb5-f192-43a9-9046-a05764adaa26,user_5,BTCUSD,BUY,2012-01-01 11:55:00,2012-01-01 11:56:00,4.58,4.58,0.11,0.0,60
c96600e1-cc54-4aa9-ac75-021a2698fef1,user_6,BTCUSD,SELL,2012-01-01 11:56:00,2012-01-01 11:57:00,4.58,4.58,0.74,0.0,60
bba08e35-5b99-4688-9331-1974db1a1620,user_10,BTCUSD,SELL,2012-01-01 11:57:00,2012-01-01 11:58:00,4.58,4.58,0.75,0.0,60
949ff2e1-474b-4d8d-a600-5574b73222a2,user_1,BTCUSD,SELL,2012-01-01 11:58:00,2012-01-01 11:59:00,4.58,4.58,0.16,0.0,60
5f86a22b-7870-4d6a-9de4-bd2bc92030de,user_3,BTCUSD,BUY,2012-01-01 11:59:00,2012-01-01 12:00:00,4.58,4.58,0.54,0.0,60
69c7198f-a1a7-4c2e-9ca9-7dbfa53b355b,user_9,BTCUSD,BUY,2012-01-01 12:00:00,2012-01-01 12:01:00,4.58,4.58,0.48,0.0,60
0c36ae45-ec8f-48bf-8414-4246a6ec49bb,user_6,BTCUSD,SELL,2012-01-01 12:01:00,2012-01-01 12:02:00,4.58,4.58,0.84,0.0,60
22e33bfe-99ab-4803-9186-83004292dd8f,user_10,BTCUSD,BUY,2012-01-01 12:02:00,2012-01-01 12:03:00,4.58,4.58,0.51,0.0,60
b9fc9e0b-b325-4150-b582-0dcd0b1345b5,user_3,BTCUSD,BUY,2012-01-01 12:03:00,2012-01-01 12:04:00,4.58,4.58,0.12,0.0,60
83eed93d-5a48-4ecb-8d05-45bd38a477de,user_2,BTCUSD,BUY,2012-01-01 12:04:00,2012-01-01 12:05:00,4.58,4.58,0.85,0.0,60
a8e8d73d-15e5-4aa7-82b4-1060a51f0fc7,user_10,BTCUSD,SELL,2012-01-01 12:05:00,2012-01-01 12:06:00,4.58,4.58,0.93,0.0,60
d2804436-2162-493d-86d1-ef4093a5fe46,user_4,BTCUSD,SELL,2012-01-01 12:06:00,2012-01-01 12:07:00,4.58,4.58,0.67,0.0,60
d73eb070-15f1-45b9-8c15-b8b5a1807558,user_6,BTCUSD,BUY,2012-01-01 12:07:00,2012-01-01 12:08:00,4.58,4.58,0.28,0.0,60
622029df-0211-48c5-84c6-8ad548388396,user_3,BTCUSD,SELL,2012-01-01 12:08:00,2012-01-01 12:09:00,4.58,4.58,0.93,0.0,60
0abe5eb2-64c3-40cb-a799-63a05bb1d67a,user_10,BTCUSD,SELL,2012-01-01 12:09:00,2012-01-01 12:10:00,4.58,4.58,0.29,0.0,60
813d4310-3e8c-459a-a7de-37ade175a37d,user_5,BTCUSD,BUY,2012-01-01 12:10:00,2012-01-01 12:11:00,4.58,4.58,0.08,0.0,60
11dc63bb-276f-4c19-bd6d-ef1721dc1f9a,user_10,BTCUSD,BUY,2012-01-01 12:11:00,2012-01-01 12:12:00,4.58,4.58,0.84,0.0,60
f4a4cee7-135a-4862-bb80-95114f16b3c9,user_9,BTCUSD,SELL,2012-01-01 12:12:00,2012-01-01 12:13:00,4.58,4.58,0.91,0.0,60
58ad5a04-3243-4de8-b6d9-a772c08a7673,user_9,BTCUSD,SELL,2012-01-01 12:13:00,2012-01-01 12:14:00,4.58,4.58,0.49,0.0,60
5909a0ce-0e35-4283-8989-bdd0ce0d4d51,user_8,BTCUSD,SELL,2012-01-01 12:14:00,2012-01-01 12:15:00,4.58,4.58,0.41,0.0,60
9e40d9c9-c216-4b82-b932-6e327a5945f6,user_10,BTCUSD,BUY,2012-01-01 12:15:00,2012-01-01 12:16:00,4.58,4.58,0.91,0.0,60
5289cba2-8032-4f83-9d19-5493a996db9f,user_1,BTCUSD,SELL,2012-01-01 12:16:00,2012-01-01 12:17:00,4.58,4.58,0.47,0.0,60
4fa635c7-ade2-4864-83ef-1edfc5051578,user_9,BTCUSD,SELL,2012-01-01 12:17:00,2012-01-01 12:18:00,4.58,4.58,0.56,0.0,60
e0a5bfc6-922d-4f0b-87ed-be83550bd440,user_5,BTCUSD,BUY,2012-01-01 12:18:00,2012-01-01 12:19:00,4.58,4.58,0.68,0.0,60
9c75837c-21e5-4f10-90e4-849940df7835,user_1,BTCUSD,BUY,2012-01-01 12:19:00,2012-01-01 12:20:00,4.58,4.58,0.93,0.0,60
6b28ae91-843a-4d4d-bff6-90fe970cef94,user_6,BTCUSD,BUY,2012-01-01 12:20:00,2012-01-01 12:21:00,4.58,4.58,0.05,0.0,60
7a7fe97c-607d-47b2-8f0e-6b6d5c11ae19,user_10,BTCUSD,BUY,2012-01-01 12:21:00,2012-01-01 12:22:00,4.58,4.58,0.37,0.0,60
f6f6e794-2bc0-4a11-a559-9069b997ac4f,user_10,BTCUSD,SELL,2012-01-01 12:22:00,2012-01-01 12:23:00,4.58,4.58,0.34,0.0,60
80b3805d-1a73-4363-a02e-f36730cd53b8,user_9,BTCUSD,SELL,2012-01-01 12:23:00,2012-01-01 12:24:00,4.58,4.58,0.95,0.0,60
1f7ff341-f8d9-4340-938d-971f09754f05,user_8,BTCUSD,BUY,2012-01-01 12:24:00,2012-01-01 12:25:00,4.58,4.58,0.56,0.0,60
37ca8243-7433-4e15-a1d7-7ab92ad4070d,user_5,BTCUSD,SELL,2012-01-01 12:25:00,2012-01-01 12:26:00,4.58,4.58,0.31,0.0,60
2312eb25-a172-4dab-9f9d-89979f28064a,user_3,BTCUSD,SELL,2012-01-01 12:26:00,2012-01-01 12:27:00,4.58,4.58,0.41,0.0,60
a040b3b3-0e26-47ed-9194-010f460394ab,user_6,BTCUSD,SELL,2012-01-01 12:27:00,2012-01-01 12:28:00,4.58,4.58,0.59,0.0,60
3cea30c6-1ea3-4595-b257-5581fc9addeb,user_1,BTCUSD,SELL,2012-01-01 12:28:00,2012-01-01 12:29:00,4.58,4.58,0.48,0.0,60
e0e3fc12-0917-43f5-9be6-877279f187c7,user_1,BTCUSD,SELL,2012-01-01 12:29:00,2012-01-01 12:30:00,4.58,4.58,0.37,0.0,60
820534b8-c879-42ce-87d8-8e05822e0df0,user_3,BTCUSD,SELL,2012-01-01 12:30:00,2012-01-01 12:31:00,4.58,4.58,0.23,0.0,60
25a5b46e-7f7d-41cc-94ba-f594e48c1e1a,user_7,BTCUSD,BUY,2012-01-01 12:31:00,2012-01-01 12:32:00,4.58,4.58,0.78,0.0,60
bfa1fe30-cea0-417f-b8ff-b5c82d44351a,user_8,BTCUSD,SELL,2012-01-01 12:32:00,2012-01-01 12:33:00,4.58,4.58,0.88,0.0,60
ef2a2381-95c6-4e20-8749-4de76edb4c9a,user_4,BTCUSD,SELL,2012-01-01 12:33:00,2012-01-01 12:34:00,4.58,4.58,0.14,0.0,60
b092116e-8145-48ef-bd93-d7a177f3bead,user_4,BTCUSD,BUY,2012-01-01 12:34:00,2012-01-01 12:35:00,4.58,4.58,0.25,0.0,60
3f41a2fb-9147-4db4-ad1c-bd3b06e08212,user_6,BTCUSD,SELL,2012-01-01 12:35:00,2012-01-01 12:36:00,4.58,4.58,0.58,0.0,60
0b0ae3ca-bc41-4776-a45b-321e470e5885,user_10,BTCUSD,BUY,2012-01-01 12:36:00,2012-01-01 12:37:00,4.58,4.58,0.53,0.0,60
e90d0d1b-593c-47ac-a189-a334080e4b5d,user_10,BTCUSD,SELL,2012-01-01 12:37:00,2012-01-01 12:38:00,4.58,4.58,0.76,0.0,60
00331719-f73b-4522-8005-fd4011d98f6a,user_5,BTCUSD,BUY,2012-01-01 12:38:00,2012-01-01 12:39:00,4.58,4.58,0.24,0.0,60
6945212c-5e95-4169-877f-69a4be5a2690,user_10,BTCUSD,BUY,2012-01-01 12:39:00,2012-01-01 12:40:00,4.58,4.58,0.65,0.0,60
958897ab-ffaa-4b94-b1eb-586e1c0d25be,user_10,BTCUSD,SELL,2012-01-01 12:40:00,2012-01-01 12:41:00,4.58,4.58,0.18,0.0,60
f11a8e54-4b08-4d73-a1cc-b3a8bb30de5a,user_1,BTCUSD,BUY,2012-01-01 12:41:00,2012-01-01 12:42:00,4.58,4.58,0.48,0.0,60
fd85b5e7-ebb3-4500-9c01-2452d6050cb0,user_3,BTCUSD,SELL,2012-01-01 12:42:00,2012-01-01 12:43:00,4.58,4.58,0.09,0.0,60
25a032b8-07cd-44c7-9ff1-736a0ddc8dd1,user_8,BTCUSD,BUY,2012-01-01 12:43:00,2012-01-01 12:44:00,4.58,4.58,0.33,0.0,60
54165f12-19ac-4cb5-abd5-b8f205cd1e99,user_6,BTCUSD,SELL,2012-01-01 12:44:00,2012-01-01 12:45:00,4.58,4.58,0.38,0.0,60
2338a351-78ff-4806-a1a7-8c62cff51631,user_5,BTCUSD,SELL,2012-01-01 12:45:00,2012-01-01 12:46:00,4.58,4.58,0.51,0.0,60
9f1950dc-d914-4fef-85ea-5739fd057092,user_4,BTCUSD,BUY,2012-01-01 12:46:00,2012-01-01 12:47:00,4.58,4.58,0.49,0.0,60
fa62f03f-aa12-45e6-9d45-971f6b3c6bc5,user_1,BTCUSD,BUY,2012-01-01 12:47:00,2012-01-01 12:48:00,4.58,4.58,0.66,0.0,60
ba3082a3-6e7c-4500-9ed8-3f7d29fa90db,user_10,BTCUSD,SELL,2012-01-01 12:48:00,2012-01-01 12:49:00,4.58,4.58,0.54,0.0,60
154e37e5-8df1-46df-8465-01a2bf01d272,user_7,BTCUSD,BUY,2012-01-01 12:49:00,2012-01-01 12:50:00,4.58,4.58,0.27,0.0,60
eb049e97-8b6d-4c41-a089-655df7be3bc6,user_5,BTCUSD,SELL,2012-01-01 12:50:00,2012-01-01 12:51:00,4.58,4.58,0.21,0.0,60
19fad050-011b-4c36-8b56-c60c9eecde56,user_9,BTCUSD,SELL,2012-01-01 12:51:00,2012-01-01 12:52:00,4.58,4.58,0.45,0.0,60
4ccefa79-80e3-4a04-a775-e6f6d7548745,user_9,BTCUSD,SELL,2012-01-01 12:52:00,2012-01-01 12:53:00,4.58,4.58,0.79,0.0,60
9e842ab2-8f78-465f-a5e5-a533ee7a6376,user_9,BTCUSD,SELL,2012-01-01 12:53:00,2012-01-01 12:54:00,4.58,4.58,0.01,0.0,60
801fd13b-df5a-4478-b11d-c60379a3c9ae,user_10,BTCUSD,BUY,2012-01-01 12:54:00,2012-01-01 12:55:00,4.58,4.58,1.0,0.0,60
cbdd0ee4-c83a-4455-9a4d-b00a42f130f6,user_9,BTCUSD,BUY,2012-01-01 12:55:00,2012-01-01 12:56:00,4.58,4.58,0.52,0.0,60
355964bd-9e3b-43cc-8eb7-63dd4bfe3cd0,user_3,BTCUSD,BUY,2012-01-01 12:56:00,2012-01-01 12:57:00,4.58,4.58,0.21,0.0,60
9500f247-3a0f-4066-8fe7-4cdd575aac93,user_6,BTCUSD,BUY,2012-01-01 12:57:00,2012-01-01 12:58:00,4.58,4.58,0.05,0.0,60
fbb78aa5-aec2-4d65-a8d8-a066ef9140df,user_9,BTCUSD,BUY,2012-01-01 12:58:00,2012-01-01 12:59:00,4.58,4.58,1.0,0.0,60
c2eb06ed-f6e2-47ab-b2de-4c7f71ba7485,user_1,BTCUSD,SELL,2012-01-01 12:59:00,2012-01-01 13:00:00,4.58,4.58,0.31,0.0,60
5c6e74b5-aa61-4371-8f88-4d090fa16e47,user_2,BTCUSD,SELL,2012-01-01 13:00:00,2012-01-01 13:01:00,4.58,4.58,0.81,0.0,60
ac4144c3-1516-4e50-9503-0d4e92ce130d,user_3,BTCUSD,SELL,2012-01-01 13:01:00,2012-01-01 13:02:00,4.58,4.58,0.21,0.0,60
7871fbb0-85bc-416d-a679-3e340bcfb8e6,user_2,BTCUSD,BUY,2012-01-01 13:02:00,2012-01-01 13:03:00,4.58,4.58,0.9,0.0,60
cbe57583-fb37-41f0-ac87-6127566d7a79,user_10,BTCUSD,BUY,2012-01-01 13:03:00,2012-01-01 13:04:00,4.58,4.58,0.95,0.0,60
7ab85fe4-77c9-4d5b-8af8-b269bc0f379b,user_5,BTCUSD,BUY,2012-01-01 13:04:00,2012-01-01 13:05:00,4.58,4.58,0.73,0.0,60
ced936f5-9623-4f0a-bd0b-d5fef29460e4,user_3,BTCUSD,BUY,2012-01-01 13:05:00,2012-01-01 13:06:00,4.58,4.58,0.26,0.0,60
aeac4e7f-bb5c-44b0-91bb-b0ae88aa3124,user_5,BTCUSD,BUY,2012-01-01 13:06:00,2012-01-01 13:07:00,4.58,4.58,0.35,0.0,60
1b769f8f-ed8e-4cb0-943a-6b071167e9e2,user_8,BTCUSD,SELL,2012-01-01 13:07:00,2012-01-01 13:08:00,4.58,4.58,0.33,0.0,60
33f0b314-cbf8-45a0-88bd-a3ac25a404d7,user_9,BTCUSD,BUY,2012-01-01 13:08:00,2012-01-01 13:09:00,4.58,4.58,0.67,0.0,60
be7f0ff7-f681-4380-8161-ae67da2d161a,user_10,BTCUSD,SELL,2012-01-01 13:09:00,2012-01-01 13:10:00,4.58,4.58,0.62,0.0,60
2c5f71f8-5713-47f0-97bb-99ec924d65fe,user_5,BTCUSD,BUY,2012-01-01 13:10:00,2012-01-01 13:11:00,4.58,4.58,0.48,0.0,60
18eee189-03ee-4262-ad8a-e1ceab43a51c,user_10,BTCUSD,SELL,2012-01-01 13:11:00,2012-01-01 13:12:00,4.58,4.58,0.48,0.0,60
1cbc875d-0ab0-464b-a009-dde15fe77ae8,user_9,BTCUSD,SELL,2012-01-01 13:12:00,2012-01-01 13:13:00,4.58,4.58,0.46,0.0,60
57e221a0-f16f-4e05-a76d-345a9e045410,user_3,BTCUSD,BUY,2012-01-01 13:13:00,2012-01-01 13:14:00,4.58,4.58,0.19,0.0,60
6113d9c5-5543-425a-bb8d-60b95bf6803c,user_6,BTCUSD,BUY,2012-01-01 13:14:00,2012-01-01 13:15:00,4.58,4.58,0.61,0.0,60
4c3f46c6-517c-4936-8bd4-c803db56fb32,user_2,BTCUSD,SELL,2012-01-01 13:15:00,2012-01-01 13:16:00,4.58,4.58,0.98,0.0,60
b1a30633-21b4-408d-b2d7-17c35a2f73fa,user_7,BTCUSD,SELL,2012-01-01 13:16:00,2012-01-01 13:17:00,4.58,4.58,0.73,0.0,60
1cc3828a-117e-4574-b072-c12d292fd9de,user_4,BTCUSD,BUY,2012-01-01 13:17:00,2012-01-01 13:18:00,4.58,4.58,0.3,0.0,60
7a1b24f3-37ff-4f5d-a7d7-424ee8b751fd,user_7,BTCUSD,SELL,2012-01-01 13:18:00,2012-01-01 13:19:00,4.58,4.58,0.55,0.0,60
5dc34d01-ef74-4f3d-9f2e-512fe1d13be1,user_2,BTCUSD,BUY,2012-01-01 13:19:00,2012-01-01 13:20:00,4.58,4.58,0.35,0.0,60
8085fef0-a217-43de-8fbe-5fe219308b69,user_3,BTCUSD,BUY,2012-01-01 13:20:00,2012-01-01 13:21:00,4.58,4.58,0.63,0.0,60
8c59afc6-4f62-4c64-bf78-fddb39dc3a83,user_5,BTCUSD,SELL,2012-01-01 13:21:00,2012-01-01 13:22:00,4.58,4.58,0.1,0.0,60
2385123a-15d4-4844-9956-448a5da82609,user_9,BTCUSD,SELL,2012-01-01 13:22:00,2012-01-01 13:23:00,4.58,4.58,0.52,0.0,60
288053a1-ec16-4ae7-918c-ffc6a4b5648f,user_8,BTCUSD,SELL,2012-01-01 13:23:00,2012-01-01 13:24:00,4.58,4.58,0.56,0.0,60
db9d49b3-e805-4769-aabb-82a204559495,user_4,BTCUSD,BUY,2012-01-01 13:24:00,2012-01-01 13:25:00,4.58,4.58,0.72,0.0,60
4f13db1e-8faa-4860-b618-49dead13b2b9,user_10,BTCUSD,SELL,2012-01-01 13:25:00,2012-01-01 13:26:00,4.58,4.58,0.4,0.0,60
d2b5e3ae-1259-4ac9-a042-85af5be3e426,user_5,BTCUSD,BUY,2012-01-01 13:26:00,2012-01-01 13:27:00,4.58,4.58,0.12,0.0,60
088ef75a-6b9e-4d4d-9bad-130ce84532f1,user_9,BTCUSD,BUY,2012-01-01 13:27:00,2012-01-01 13:28:00,4.58,4.58,0.82,0.0,60
ed7586b5-2ee7-4978-91da-7144413fefff,user_5,BTCUSD,BUY,2012-01-01 13:28:00,2012-01-01 13:29:00,4.58,4.58,0.58,0.0,60
9a195f6b-7ee0-4002-9880-094a605fc65b,user_3,BTCUSD,BUY,2012-01-01 13:29:00,2012-01-01 13:30:00,4.58,4.58,0.61,0.0,60
8cf32ef9-1fbb-48c9-b02b-c834b2899f2b,user_7,BTCUSD,BUY,2012-01-01 13:30:00,2012-01-01 13:31:00,4.58,4.58,0.03,0.0,60
6d74cef4-1064-481d-a92a-2be8cf186a61,user_3,BTCUSD,BUY,2012-01-01 13:31:00,2012-01-01 13:32:00,4.58,4.58,0.07,0.0,60
10197cbd-46ba-46e5-9753-b0fd74a7c744,user_3,BTCUSD,BUY,2012-01-01 13:32:00,2012-01-01 13:33:00,4.58,4.58,0.74,0.0,60
c2941d75-2a8f-48b7-b97f-18f9e7d49878,user_10,BTCUSD,SELL,2012-01-01 13:33:00,2012-01-01 13:34:00,4.58,4.58,0.28,0.0,60
90fe3ec5-95ff-4dca-8ace-b042a4774131,user_7,BTCUSD,BUY,2012-01-01 13:34:00,2012-01-01 13:35:00,4.58,4.58,0.39,0.0,60
1e933da8-d184-444e-968b-a5a3a464711a,user_10,BTCUSD,BUY,2012-01-01 13:35:00,2012-01-01 13:36:00,4.58,4.58,0.97,0.0,60
9b8660f6-a26f-41b1-8878-154b7372d40a,user_5,BTCUSD,SELL,2012-01-01 13:36:00,2012-01-01 13:37:00,4.58,4.58,0.7,0.0,60
9d7dd874-32e0-4840-8618-5bf772a05011,user_9,BTCUSD,SELL,2012-01-01 13:37:00,2012-01-01 13:38:00,4.58,4.58,0.51,0.0,60
64839ad7-42fe-4ac8-86a8-e2f2c74fe6ca,user_1,BTCUSD,SELL,2012-01-01 13:38:00,2012-01-01 13:39:00,4.58,4.58,0.28,0.0,60
2c4cfb8d-29a2-4b30-afb4-fe17fa8d1c98,user_4,BTCUSD,SELL,2012-01-01 13:39:00,2012-01-01 13:40:00,4.58,4.58,0.3,0.0,60
02c2b0e8-b0a6-46e2-8269-ff6af4c17e4b,user_1,BTCUSD,SELL,2012-01-01 13:40:00,2012-01-01 13:41:00,4.58,4.58,0.88,0.0,60
25f0f278-4ea2-4ccf-ab5d-6393480310ad,user_1,BTCUSD,SELL,2012-01-01 13:41:00,2012-01-01 13:42:00,4.58,4.58,0.51,0.0,60
d799d77e-1255-43ef-89ad-362f5b723b83,user_2,BTCUSD,SELL,2012-01-01 13:42:00,2012-01-01 13:43:00,4.58,4.58,0.56,0.0,60
396f5aae-91b1-4433-8217-dc0928f8081e,user_3,BTCUSD,BUY,2012-01-01 13:43:00,2012-01-01 13:44:00,4.58,4.58,0.86,0.0,60
ed588894-0a46-4141-a798-782cfdcde3b0,user_7,BTCUSD,SELL,2012-01-01 13:44:00,2012-01-01 13:45:00,4.58,4.58,0.16,0.0,60
5aa08aee-3783-4c08-894b-bf3ffb881624,user_2,BTCUSD,BUY,2012-01-01 13:45:00,2012-01-01 13:46:00,4.58,4.58,0.92,0.0,60
83330671-7744-4ff1-b56e-ea911f2d75cd,user_2,BTCUSD,SELL,2012-01-01 13:46:00,2012-01-01 13:47:00,4.58,4.58,1.0,0.0,60
f23b68d9-26a3-40e2-b2b6-9cfca2e2fcbf,user_5,BTCUSD,SELL,2012-01-01 13:47:00,2012-01-01 13:48:00,4.58,4.58,1.0,0.0,60
c568cd23-9186-4cbd-b1a3-2c1b61b41778,user_5,BTCUSD,SELL,2012-01-01 13:48:00,2012-01-01 13:49:00,4.58,4.58,0.77,0.0,60
8a19f6ab-67dc-4bf4-9dd1-d01404fb6db9,user_6,BTCUSD,SELL,2012-01-01 13:49:00,2012-01-01 13:50:00,4.58,4.58,0.99,0.0,60
6a032925-4533-460d-8c41-399b752afee9,user_7,BTCUSD,SELL,2012-01-01 13:50:00,2012-01-01 13:51:00,4.58,4.58,0.75,0.0,60
7e9544ec-b24c-4f6a-ad45-51c5937c9f0b,user_9,BTCUSD,SELL,2012-01-01 13:51:00,2012-01-01 13:52:00,4.58,4.58,0.54,0.0,60
a234cd59-b98e-46d4-b865-b72a3a68eae4,user_8,BTCUSD,SELL,2012-01-01 13:52:00,2012-01-01 13:53:00,4.58,4.58,0.17,0.0,60
af829931-a3d5-46f9-8b8a-bfb66a72119d,user_3,BTCUSD,BUY,2012-01-01 13:53:00,2012-01-01 13:54:00,4.58,4.58,0.34,0.0,60
954c8c87-b29c-489a-83f6-db5696c4a768,user_6,BTCUSD,SELL,2012-01-01 13:54:00,2012-01-01 13:55:00,4.58,4.58,0.92,0.0,60
b15ff2e9-5c3f-4341-b2b6-4a1550dd5975,user_2,BTCUSD,BUY,2012-01-01 13:55:00,2012-01-01 13:56:00,4.58,4.58,0.4,0.0,60
8d0247b3-8294-4a61-820d-75d536632c02,user_10,BTCUSD,SELL,2012-01-01 13:56:00,2012-01-01 13:57:00,4.58,4.58,0.13,0.0,60
07b1cbc1-98ff-46be-862f-4a6f65161418,user_9,BTCUSD,SELL,2012-01-01 13:57:00,2012-01-01 13:58:00,4.58,4.58,0.48,0.0,60
0c0c3299-a41b-4382-86f0-81631179b96e,user_6,BTCUSD,BUY,2012-01-01 13:58:00,2012-01-01 13:59:00,4.58,4.58,0.91,0.0,60
395dca70-2650-4a37-bd09-9eca80decf2a,user_10,BTCUSD,SELL,2012-01-01 13:59:00,2012-01-01 14:00:00,4.58,4.58,0.4,0.0,60
17173dab-4b81-45fc-801d-0d10207de6a9,user_10,BTCUSD,SELL,2012-01-01 14:00:00,2012-01-01 14:01:00,4.58,4.58,0.87,0.0,60
339573dd-ec74-4ee5-8f53-9b32ebe2a8ab,user_2,BTCUSD,BUY,2012-01-01 14:01:00,2012-01-01 14:02:00,4.58,4.58,0.25,0.0,60
b282a88b-be43-4021-a6f0-d3d1e1262264,user_7,BTCUSD,SELL,2012-01-01 14:02:00,2012-01-01 14:03:00,4.58,4.58,0.93,0.0,60
cc1c9960-2817-4d77-88df-f4acf14954b1,user_7,BTCUSD,BUY,2012-01-01 14:03:00,2012-01-01 14:04:00,4.58,4.58,0.05,0.0,60
af94a737-9360-4512-8b07-9fec4986bf0a,user_5,BTCUSD,SELL,2012-01-01 14:04:00,2012-01-01 14:05:00,4.58,4.58,0.5,0.0,60
77672706-e1bc-43a7-83fd-956679485128,user_1,BTCUSD,SELL,2012-01-01 14:05:00,2012-01-01 14:06:00,4.58,4.58,0.91,0.0,60
342c7afd-590a-4a85-bdfd-eb47a29bafad,user_5,BTCUSD,BUY,2012-01-01 14:06:00,2012-01-01 14:07:00,4.58,4.58,0.52,0.0,60
627c8845-c847-4abc-b7a5-2730ced92a52,user_3,BTCUSD,SELL,2012-01-01 14:07:00,2012-01-01 14:08:00,4.58,4.58,0.37,0.0,60
2d91ec04-6d8f-46e7-993e-dcf8ff9d7203,user_7,BTCUSD,BUY,2012-01-01 14:08:00,2012-01-01 14:09:00,4.58,4.58,0.37,0.0,60
1c919156-9a0f-436c-bbf9-ee30307a8ca2,user_2,BTCUSD,SELL,2012-01-01 14:09:00,2012-01-01 14:10:00,4.58,4.58,0.1,0.0,60
2ec61047-b4d5-44a4-b642-1d07d8f63ed4,user_6,BTCUSD,BUY,2012-01-01 14:10:00,2012-01-01 14:11:00,4.58,4.58,0.12,0.0,60
c4f2bf2d-7b79-4c61-8c28-36566dabda12,user_8,BTCUSD,BUY,2012-01-01 14:11:00,2012-01-01 14:12:00,4.58,4.58,0.88,0.0,60
a66494e4-578c-4eb8-a097-6095cb92511e,user_4,BTCUSD,SELL,2012-01-01 14:12:00,2012-01-01 14:13:00,4.58,4.58,0.03,0.0,60
7460eddc-1fda-414b-a6f1-cc56b58ade8c,user_9,BTCUSD,BUY,2012-01-01 14:13:00,2012-01-01 14:14:00,4.58,4.58,0.43,0.0,60
d6044bb8-6d98-4388-b388-be23f49d9343,user_4,BTCUSD,SELL,2012-01-01 14:14:00,2012-01-01 14:15:00,4.58,4.58,0.66,0.0,60
759c72c6-4355-4d19-af1f-8dc181458160,user_3,BTCUSD,SELL,2012-01-01 14:15:00,2012-01-01 14:16:00,4.58,4.58,0.52,0.0,60
4141928a-ecc3-4736-8534-f46f1c528097,user_2,BTCUSD,BUY,2012-01-01 14:16:00,2012-01-01 14:17:00,4.58,4.58,0.31,0.0,60
95168927-9c31-43f5-9f9d-307bf9f69256,user_5,BTCUSD,BUY,2012-01-01 14:17:00,2012-01-01 14:18:00,4.58,4.58,0.9,0.0,60
a49036c8-ebee-473a-9329-2ed58c937cdd,user_3,BTCUSD,SELL,2012-01-01 14:18:00,2012-01-01 14:19:00,4.58,4.58,0.11,0.0,60
10ee90d1-8ecf-494c-a39b-4922852696c9,user_9,BTCUSD,SELL,2012-01-01 14:19:00,2012-01-01 14:20:00,4.58,4.58,0.71,0.0,60
512d7765-7c89-43e4-8ad4-7f177fbddab0,user_2,BTCUSD,SELL,2012-01-01 14:20:00,2012-01-01 14:21:00,4.58,4.58,0.25,0.0,60
8995cf85-c1e9-4606-9d09-5eb1248fdf32,user_2,BTCUSD,BUY,2012-01-01 14:21:00,2012-01-01 14:22:00,4.58,4.58,0.31,0.0,60
a985217a-cf21-436f-b958-e6de2754886e,user_1,BTCUSD,BUY,2012-01-01 14:22:00,2012-01-01 14:23:00,4.58,4.58,0.04,0.0,60
c5b1aafe-5d42-4888-8907-cddfc1708051,user_6,BTCUSD,SELL,2012-01-01 14:23:00,2012-01-01 14:24:00,4.58,4.58,0.03,0.0,60
6a0a59b2-c4e2-49b2-9714-7236e11178ff,user_8,BTCUSD,BUY,2012-01-01 14:24:00,2012-01-01 14:25:00,4.58,4.58,0.81,0.0,60
d25f091e-8bb9-4267-aced-66aad35405b9,user_5,BTCUSD,BUY,2012-01-01 14:25:00,2012-01-01 14:26:00,4.58,4.58,0.88,0.0,60
05a4975c-2ac7-42da-b40a-f1c6be6c2c5d,user_4,BTCUSD,SELL,2012-01-01 14:26:00,2012-01-01 14:27:00,4.58,4.58,0.38,0.0,60
dca98e8b-70b1-4de1-b0d2-48600e58f59f,user_1,BTCUSD,BUY,2012-01-01 14:27:00,2012-01-01 14:28:00,4.58,4.58,0.15,0.0,60
df8bdf0a-d8d8-4bfc-93da-e1ddf3868cdc,user_4,BTCUSD,BUY,2012-01-01 14:28:00,2012-01-01 14:29:00,4.58,4.58,0.31,0.0,60
7dd4cf20-3151-4952-887a-cbe4aaabde0e,user_9,BTCUSD,BUY,2012-01-01 14:29:00,2012-01-01 14:30:00,4.58,4.58,0.54,0.0,60
09c8e410-4cc4-45bd-8752-89ab949f2948,user_7,BTCUSD,SELL,2012-01-01 14:30:00,2012-01-01 14:31:00,4.58,4.58,0.56,0.0,60
16d7e25c-164b-4830-817f-7da6dbb9f245,user_6,BTCUSD,SELL,2012-01-01 14:31:00,2012-01-01 14:32:00,4.58,4.58,0.87,0.0,60
d71c2f38-4de8-437f-8294-53f7b296ed80,user_3,BTCUSD,BUY,2012-01-01 14:32:00,2012-01-01 14:33:00,4.58,4.58,0.54,0.0,60
90c8bb72-e283-489f-b350-89040def3cc6,user_1,BTCUSD,BUY,2012-01-01 14:33:00,2012-01-01 14:34:00,4.58,4.58,0.65,0.0,60
c371a089-4f05-4391-9c4a-ec9fd5b03e7f,user_10,BTCUSD,SELL,2012-01-01 14:34:00,2012-01-01 14:35:00,4.58,4.58,0.08,0.0,60
0da13914-a975-4e11-af84-ec6f3bd7bf3c,user_3,BTCUSD,BUY,2012-01-01 14:35:00,2012-01-01 14:36:00,4.58,4.58,0.78,0.0,60
bf0fed5c-83cc-4b85-8a03-c68be7c0b77e,user_5,BTCUSD,BUY,2012-01-01 14:36:00,2012-01-01 14:37:00,4.58,4.58,0.91,0.0,60
7d85b35f-79f1-42dd-b206-ca610097279a,user_8,BTCUSD,BUY,2012-01-01 14:37:00,2012-01-01 14:38:00,4.58,4.58,0.35,0.0,60
26d80fd9-33ae-4ff3-b4d3-e038e25b36ba,user_4,BTCUSD,BUY,2012-01-01 14:38:00,2012-01-01 14:39:00,4.58,4.58,0.24,0.0,60
4e26201d-d944-4f55-8fc9-7672cc91aefd,user_2,BTCUSD,SELL,2012-01-01 14:39:00,2012-01-01 14:40:00,4.58,4.58,0.71,0.0,60
0dea66c5-804a-45b5-93f3-605611b0ed19,user_7,BTCUSD,SELL,2012-01-01 14:40:00,2012-01-01 14:41:00,4.58,4.58,0.84,0.0,60
ba2882ec-d3db-4c65-b189-dd7062b54cd4,user_5,BTCUSD,SELL,2012-01-01 14:41:00,2012-01-01 14:42:00,4.58,4.58,0.39,0.0,60
1d99f7f2-8576-4d9c-9b21-1ac0148dba75,user_9,BTCUSD,BUY,2012-01-01 14:42:00,2012-01-01 14:43:00,4.58,4.58,0.56,0.0,60
113fcb11-c84e-46cb-81a5-613f7bb16a20,user_2,BTCUSD,SELL,2012-01-01 14:43:00,2012-01-01 14:44:00,4.58,4.58,0.02,0.0,60
f67c85aa-3e55-4b11-8129-9ed2119ce0ab,user_3,BTCUSD,SELL,2012-01-01 14:44:00,2012-01-01 14:45:00,4.58,4.58,0.06,0.0,60
5e9e3135-2b5b-49e0-b519-b9c4fbda5961,user_10,BTCUSD,SELL,2012-01-01 14:45:00,2012-01-01 14:46:00,4.58,4.58,0.2,0.0,60
3145fc5f-61e8-42c0-bce0-ba939673099e,user_2,BTCUSD,BUY,2012-01-01 14:46:00,2012-01-01 14:47:00,4.58,4.58,0.99,0.0,60
ee0bb670-7b93-42da-b7eb-15a3d14a975d,user_2,BTCUSD,SELL,2012-01-01 14:47:00,2012-01-01 14:48:00,4.58,4.58,0.74,0.0,60
a2074ced-bb1e-4576-b7c8-29dda92f1a77,user_4,BTCUSD,BUY,2012-01-01 14:48:00,2012-01-01 14:49:00,4.58,4.58,0.55,0.0,60
f407530a-4b77-48a3-aa41-4c254bf0c80c,user_10,BTCUSD,SELL,2012-01-01 14:49:00,2012-01-01 14:50:00,4.58,4.58,0.77,0.0,60
677fa945-30f4-4769-a19c-121159814d16,user_7,BTCUSD,BUY,2012-01-01 14:50:00,2012-01-01 14:51:00,4.58,4.58,0.5,0.0,60
aa271d1c-9008-4656-b86f-e88aceace794,user_5,BTCUSD,BUY,2012-01-01 14:51:00,2012-01-01 14:52:00,4.58,4.58,0.25,0.0,60
d3e1006d-c124-41df-ad8b-c890e0c00897,user_3,BTCUSD,BUY,2012-01-01 14:52:00,2012-01-01 14:53:00,4.58,4.58,0.21,0.0,60
de07824c-1b65-4a16-8fed-add8a9e0e8ac,user_8,BTCUSD,SELL,2012-01-01 14:53:00,2012-01-01 14:54:00,4.58,4.58,0.88,0.0,60
b125c222-fbe0-49af-8a51-4d7ee370ee4b,user_1,BTCUSD,SELL,2012-01-01 14:54:00,2012-01-01 14:55:00,4.58,4.58,0.84,0.0,60
0f034a4e-397c-4e43-a5af-f73461bd83f6,user_10,BTCUSD,SELL,2012-01-01 14:55:00,2012-01-01 14:56:00,4.58,4.58,0.75,0.0,60
a8fdcace-5ad7-4735-b32d-cc020f88bf89,user_3,BTCUSD,SELL,2012-01-01 14:56:00,2012-01-01 14:57:00,4.58,4.58,0.27,0.0,60
8d5f793f-a843-4939-97da-ec660e43911e,user_5,BTCUSD,SELL,2012-01-01 14:57:00,2012-01-01 14:58:00,4.58,4.58,0.14,0.0,60
6292bda5-9230-456e-a81b-a9b268113e28,user_6,BTCUSD,BUY,2012-01-01 14:58:00,2012-01-01 14:59:00,4.58,4.58,0.1,0.0,60
33b7db9d-0dd8-4282-ab47-d3512f5e5101,user_6,BTCUSD,SELL,2012-01-01 14:59:00,2012-01-01 15:00:00,4.58,4.58,0.9,0.0,60
c9c4e7fb-f8c9-4b4e-a7a6-159d98685cee,user_3,BTCUSD,SELL,2012-01-01 15:00:00,2012-01-01 15:01:00,4.58,4.58,0.33,0.0,60
4c6dabbe-65a4-4038-a2e2-ad6d9ea3bdbf,user_1,BTCUSD,BUY,2012-01-01 15:01:00,2012-01-01 15:02:00,4.58,4.58,1.0,0.0,60
b3ee8b59-9d3e-4102-bb6a-f3a3e8383a74,user_7,BTCUSD,BUY,2012-01-01 15:02:00,2012-01-01 15:03:00,4.58,4.58,0.89,0.0,60
9ec018bb-630e-47fb-b37e-dd48c05d6cb7,user_4,BTCUSD,SELL,2012-01-01 15:03:00,2012-01-01 15:04:00,4.58,4.58,0.85,0.0,60
1e6d797d-9577-4e9f-a518-d7ba99c2b5e7,user_2,BTCUSD,SELL,2012-01-01 15:04:00,2012-01-01 15:05:00,4.58,4.58,0.84,0.0,60
558c7e2c-28ba-478b-b2f9-4cc16a807064,user_8,BTCUSD,SELL,2012-01-01 15:05:00,2012-01-01 15:06:00,4.58,4.58,0.52,0.0,60
c8f8217a-b88a-4c69-b70c-e2f4757f4853,user_8,BTCUSD,BUY,2012-01-01 15:06:00,2012-01-01 15:07:00,4.58,4.58,0.45,0.0,60
aa526d30-ed83-47b9-b034-e16876a277ea,user_4,BTCUSD,BUY,2012-01-01 15:07:00,2012-01-01 15:08:00,4.58,4.58,0.27,0.0,60
38c46291-a36f-41c5-857b-8e359b889a4e,user_10,BTCUSD,BUY,2012-01-01 15:08:00,2012-01-01 15:09:00,4.58,4.58,0.83,0.0,60
a07d8ce3-6722-4025-b073-29aa5e160c30,user_4,BTCUSD,BUY,2012-01-01 15:09:00,2012-01-01 15:10:00,4.58,4.58,0.77,0.0,60
9404e103-0a57-4ebe-a793-ce35bb2675a1,user_2,BTCUSD,BUY,2012-01-01 15:10:00,2012-01-01 15:11:00,4.58,4.58,0.57,0.0,60
8ab8b53f-7100-415d-8a69-32f916093e01,user_9,BTCUSD,SELL,2012-01-01 15:11:00,2012-01-01 15:12:00,4.58,4.58,0.25,0.0,60
4ceb536a-be77-4dc6-ae83-fc6b90a7570b,user_1,BTCUSD,SELL,2012-01-01 15:12:00,2012-01-01 15:13:00,4.58,4.58,0.46,0.0,60
b36a1bba-f8ad-4822-9719-8de881b06971,user_4,BTCUSD,SELL,2012-01-01 15:13:00,2012-01-01 15:14:00,4.58,4.58,0.09,0.0,60
89b596fc-8253-493e-a219-b44833b24227,user_2,BTCUSD,BUY,2012-01-01 15:14:00,2012-01-01 15:15:00,4.58,4.58,0.44,0.0,60
5359fefc-b28d-4e36-9133-65a466301b44,user_2,BTCUSD,BUY,2012-01-01 15:15:00,2012-01-01 15:16:00,4.58,4.58,0.21,0.0,60
70d15c21-8089-49bf-bdff-4959731392ce,user_9,BTCUSD,SELL,2012-01-01 15:16:00,2012-01-01 15:17:00,4.58,4.58,0.48,0.0,60
02d5fd9c-c3b6-4bb8-8270-53a9fb999cf1,user_3,BTCUSD,BUY,2012-01-01 15:17:00,2012-01-01 15:18:00,4.58,4.58,0.9,0.0,60
34ed3c97-0bfc-401f-9a8b-24ce8b45c086,user_8,BTCUSD,BUY,2012-01-01 15:18:00,2012-01-01 15:19:00,4.58,4.58,0.52,0.0,60
b381c8c8-c7c3-4ad8-ad28-69bc8d1be711,user_1,BTCUSD,BUY,2012-01-01 15:19:00,2012-01-01 15:20:00,4.58,4.58,0.49,0.0,60
204cbccc-8431-44a4-9c25-94088f729de8,user_9,BTCUSD,SELL,2012-01-01 15:20:00,2012-01-01 15:21:00,4.58,4.58,0.12,0.0,60
966c4d2e-9541-4aa5-a6aa-f38be0020c27,user_1,BTCUSD,SELL,2012-01-01 15:21:00,2012-01-01 15:22:00,4.58,4.58,0.42,0.0,60
381ae452-964b-4065-a64d-77ae2e7b03c7,user_9,BTCUSD,SELL,2012-01-01 15:22:00,2012-01-01 15:23:00,4.58,4.58,0.39,0.0,60
d94dbd12-7118-4d7e-96a3-323652c219df,user_1,BTCUSD,BUY,2012-01-01 15:23:00,2012-01-01 15:24:00,4.58,4.58,0.4,0.0,60
f9bf003d-474b-4e99-a1e6-6fc77a61841d,user_9,BTCUSD,BUY,2012-01-01 15:24:00,2012-01-01 15:25:00,4.58,4.58,0.85,0.0,60
e510d5cb-db31-4818-9c30-52cc669d2561,user_10,BTCUSD,BUY,2012-01-01 15:25:00,2012-01-01 15:26:00,4.58,4.58,0.35,0.0,60
b85b51fe-1894-49ab-9a68-549c0abf892d,user_1,BTCUSD,BUY,2012-01-01 15:26:00,2012-01-01 15:27:00,4.58,4.58,0.27,0.0,60
c3b98a0b-bcf7-47f8-9875-1c7c1938efc1,user_5,BTCUSD,BUY,2012-01-01 15:27:00,2012-01-01 15:28:00,4.58,4.58,0.39,0.0,60
381ab984-c157-4d32-8c2f-6f20c1c836ba,user_4,BTCUSD,SELL,2012-01-01 15:28:00,2012-01-01 15:29:00,4.58,4.58,0.41,0.0,60
c9dab101-e822-4bff-9ec6-862feaacf338,user_9,BTCUSD,SELL,2012-01-01 15:29:00,2012-01-01 15:30:00,4.58,4.58,0.27,0.0,60
e0a9dd54-747a-4712-9f5f-35ef0db053f0,user_9,BTCUSD,BUY,2012-01-01 15:30:00,2012-01-01 15:31:00,4.58,4.58,0.03,0.0,60
3785bedd-be2d-4fae-9625-da7ae285ea99,user_6,BTCUSD,BUY,2012-01-01 15:31:00,2012-01-01 15:32:00,4.58,4.58,0.95,0.0,60
f5d17ff7-4a1b-4bf0-9a47-73a60fe03d49,user_4,BTCUSD,SELL,2012-01-01 15:32:00,2012-01-01 15:33:00,4.58,4.58,0.2,0.0,60
06acb65c-797c-462a-8cab-9c834593f590,user_4,BTCUSD,BUY,2012-01-01 15:33:00,2012-01-01 15:34:00,4.58,4.58,0.68,0.0,60
ec621cfa-4d28-4748-a788-6bd8c3ff42c0,user_10,BTCUSD,BUY,2012-01-01 15:34:00,2012-01-01 15:35:00,4.58,4.58,0.07,0.0,60
430a43d2-bc45-4d75-af27-f3eab5b8ce30,user_4,BTCUSD,BUY,2012-01-01 15:35:00,2012-01-01 15:36:00,4.58,4.58,0.35,0.0,60
068f884c-8f5a-464f-89c7-184e6d554a53,user_5,BTCUSD,SELL,2012-01-01 15:36:00,2012-01-01 15:37:00,4.58,4.58,0.38,0.0,60
1601a9a5-c62b-44b7-b9b1-fd9f665eb205,user_3,BTCUSD,BUY,2012-01-01 15:37:00,2012-01-01 15:38:00,4.58,4.58,0.26,0.0,60
8928cca2-b888-4ccd-83f3-e4c432db6aa1,user_9,BTCUSD,BUY,2012-01-01 15:38:00,2012-01-01 15:39:00,4.58,4.58,0.57,0.0,60
0c38dda0-a2de-405d-acd9-453b662f60b7,user_10,BTCUSD,BUY,2012-01-01 15:39:00,2012-01-01 15:40:00,4.58,4.58,0.53,0.0,60
6d701099-9853-4557-bfb5-95516ef43baa,user_7,BTCUSD,SELL,2012-01-01 15:40:00,2012-01-01 15:41:00,4.58,4.58,0.94,0.0,60
1adb6b70-c6b6-4c7e-9ef2-b634582d0ac7,user_10,BTCUSD,BUY,2012-01-01 15:41:00,2012-01-01 15:42:00,4.58,4.58,0.98,0.0,60
f86f6f6c-1e6e-4894-b637-b91840b1be14,user_2,BTCUSD,SELL,2012-01-01 15:42:00,2012-01-01 15:43:00,4.58,4.58,0.24,0.0,60
51b2643e-4dc7-47fa-898b-e878621c5126,user_10,BTCUSD,BUY,2012-01-01 15:43:00,2012-01-01 15:44:00,4.58,4.58,0.37,0.0,60
e5b51c59-b52a-4000-a18b-09199a23bd0c,user_3,BTCUSD,BUY,2012-01-01 15:44:00,2012-01-01 15:45:00,4.58,4.58,0.82,0.0,60
34b7a0ec-1c3f-49f5-ae8d-a13363dac693,user_5,BTCUSD,BUY,2012-01-01 15:45:00,2012-01-01 15:46:00,4.58,4.58,0.28,0.0,60
76b07c05-0ac4-4a17-ad73-7043eb17cfe1,user_3,BTCUSD,SELL,2012-01-01 15:46:00,2012-01-01 15:47:00,4.58,4.58,0.24,0.0,60
3ce13ab7-6e98-46e1-b15f-1b25336735e9,user_1,BTCUSD,BUY,2012-01-01 15:47:00,2012-01-01 15:48:00,4.58,4.58,0.14,0.0,60
a349f99d-308e-4150-ae90-50342e446222,user_10,BTCUSD,BUY,2012-01-01 15:48:00,2012-01-01 15:49:00,4.58,4.58,0.3,0.0,60
4e0eedd1-57e7-4442-bf3a-f8212d6c47d2,user_3,BTCUSD,BUY,2012-01-01 15:49:00,2012-01-01 15:50:00,4.58,4.58,0.62,0.0,60
935f9e4b-fc8f-496f-b050-c5e41336adeb,user_3,BTCUSD,SELL,2012-01-01 15:50:00,2012-01-01 15:51:00,4.58,4.58,0.35,0.0,60
96b5d175-4c7a-4bab-87c8-4a3ce774b4fd,user_1,BTCUSD,SELL,2012-01-01 15:51:00,2012-01-01 15:52:00,4.58,4.58,0.92,0.0,60
a0c39cc5-c5a4-4362-a8ab-8cb845bff2cb,user_2,BTCUSD,BUY,2012-01-01 15:52:00,2012-01-01 15:53:00,4.58,4.58,0.33,0.0,60
6cb6892d-98c8-4991-ac33-a526b971a984,user_4,BTCUSD,SELL,2012-01-01 15:53:00,2012-01-01 15:54:00,4.58,4.58,0.82,0.0,60
1fae16d7-eccd-4fd8-806d-b82de204ab4e,user_6,BTCUSD,BUY,2012-01-01 15:54:00,2012-01-01 15:55:00,4.58,4.58,0.83,0.0,60
88e04413-2da5-4772-8f44-35ffa9f23927,user_4,BTCUSD,SELL,2012-01-01 15:55:00,2012-01-01 15:56:00,4.58,4.58,0.06,0.0,60
15561524-5f11-4ea6-b174-ca8d38717903,user_9,BTCUSD,BUY,2012-01-01 15:56:00,2012-01-01 15:57:00,4.58,4.58,0.73,0.0,60
276e80e8-5333-42b5-a03e-fa0a804b1cf3,user_6,BTCUSD,SELL,2012-01-01 15:57:00,2012-01-01 15:58:00,4.58,4.58,0.16,0.0,60
6a1e0940-ad54-4832-a28e-ee28f5410176,user_1,BTCUSD,SELL,2012-01-01 15:58:00,2012-01-01 15:59:00,4.58,4.58,0.83,0.0,60
a6c673b5-fa41-4df8-99ae-46a6b5bbb7b2,user_10,BTCUSD,BUY,2012-01-01 15:59:00,2012-01-01 16:00:00,4.58,4.58,0.71,0.0,60
1b4b3bf2-b3ae-4b2d-848c-4ff48dcd0d46,user_3,BTCUSD,BUY,2012-01-01 16:00:00,2012-01-01 16:01:00,4.58,4.58,0.07,0.0,60
1ecf4ff9-b560-4a4c-b9a8-20f30a03cfec,user_5,BTCUSD,BUY,2012-01-01 16:01:00,2012-01-01 16:02:00,4.58,4.58,0.94,0.0,60
b54440df-3554-4a36-80a9-642863721960,user_5,BTCUSD,SELL,2012-01-01 16:02:00,2012-01-01 16:03:00,4.58,4.58,0.78,0.0,60
27274db8-eded-4a05-8b40-f790266f0832,user_1,BTCUSD,SELL,2012-01-01 16:03:00,2012-01-01 16:04:00,4.58,4.58,0.66,0.0,60
8117979f-b995-4b56-9734-7f504e1d24d4,user_10,BTCUSD,BUY,2012-01-01 16:04:00,2012-01-01 16:05:00,4.58,4.58,0.31,0.0,60
74b8e3a9-4d03-4e7a-97a8-3e25388e8f2d,user_2,BTCUSD,BUY,2012-01-01 16:05:00,2012-01-01 16:06:00,4.58,4.58,0.49,0.0,60
3720ad0b-e5ea-4797-ad7f-7b4ed250f555,user_2,BTCUSD,SELL,2012-01-01 16:06:00,2012-01-01 16:07:00,4.58,4.58,0.97,0.0,60
733d0033-deaf-4126-a814-4787a0270206,user_10,BTCUSD,SELL,2012-01-01 16:07:00,2012-01-01 16:08:00,4.58,4.58,0.36,0.0,60
5d66c219-fad8-4ba2-8650-512c99de3d79,user_10,BTCUSD,SELL,2012-01-01 16:08:00,2012-01-01 16:09:00,4.58,4.58,0.49,0.0,60
52222e27-02a8-4048-8cd5-51fe8becc755,user_5,BTCUSD,BUY,2012-01-01 16:09:00,2012-01-01 16:10:00,4.58,4.58,0.43,0.0,60
92fb4e24-6775-4c7d-9103-683abea4c59d,user_7,BTCUSD,SELL,2012-01-01 16:10:00,2012-01-01 16:11:00,4.58,4.58,0.3,0.0,60
0a5bfdba-3609-41e6-adc4-a76f0d7d6437,user_9,BTCUSD,SELL,2012-01-01 16:11:00,2012-01-01 16:12:00,4.58,4.58,0.81,0.0,60
9cdc6f53-c105-4b69-942b-b2c7805adcaa,user_3,BTCUSD,BUY,2012-01-01 16:12:00,2012-01-01 16:13:00,4.58,4.58,0.35,0.0,60
2b8fd773-433b-430a-9ca9-2362ad5fc5e2,user_2,BTCUSD,BUY,2012-01-01 16:13:00,2012-01-01 16:14:00,4.58,4.58,0.63,0.0,60
e1437b4d-0bdd-4317-9740-1f3697010dcf,user_10,BTCUSD,BUY,2012-01-01 16:14:00,2012-01-01 16:15:00,4.58,4.58,0.18,0.0,60
f1212acc-f509-4887-9a65-e6e5fd63da18,user_1,BTCUSD,BUY,2012-01-01 16:15:00,2012-01-01 16:16:00,4.58,4.58,0.24,0.0,60
070ba1f9-e8dd-4aa2-96b6-1e765aba0b8f,user_9,BTCUSD,SELL,2012-01-01 16:16:00,2012-01-01 16:17:00,4.58,4.58,0.37,0.0,60
13d39ae4-ed29-4671-a53f-93ce1a9058c2,user_10,BTCUSD,SELL,2012-01-01 16:17:00,2012-01-01 16:18:00,4.58,4.58,0.65,0.0,60
f5b0f0a1-94a3-4bbb-994a-2e37a06550c0,user_9,BTCUSD,BUY,2012-01-01 16:18:00,2012-01-01 16:19:00,4.58,4.58,0.46,0.0,60
caae0fe5-0282-44a5-9204-df0d27f7cc22,user_8,BTCUSD,BUY,2012-01-01 16:19:00,2012-01-01 16:20:00,4.58,4.58,0.25,0.0,60
c5eb56e9-6ccd-4283-b8b6-d1e79a996693,user_8,BTCUSD,SELL,2012-01-01 16:20:00,2012-01-01 16:21:00,4.58,4.58,0.72,0.0,60
9f2ee150-55e3-4d82-b3a6-d5b8e05b6929,user_10,BTCUSD,BUY,2012-01-01 16:21:00,2012-01-01 16:22:00,4.58,4.58,0.07,0.0,60
87f51c66-5d1c-4844-883e-fe866f1b5bf6,user_1,BTCUSD,SELL,2012-01-01 16:22:00,2012-01-01 16:23:00,4.58,4.58,0.91,0.0,60
73742b9f-8faf-4d8e-8904-a9437bc6eddd,user_5,BTCUSD,SELL,2012-01-01 16:23:00,2012-01-01 16:24:00,4.58,4.58,0.35,0.0,60
0df69097-5971-4d4c-abb0-d41b784e4854,user_8,BTCUSD,BUY,2012-01-01 16:24:00,2012-01-01 16:25:00,4.58,4.58,0.96,0.0,60
e376c624-a682-4826-b8ad-f84a02e6adfb,user_5,BTCUSD,SELL,2012-01-01 16:25:00,2012-01-01 16:26:00,4.58,4.58,0.48,0.0,60
ec1a2bb0-cfb4-452b-af39-6fc8d1cd0786,user_10,BTCUSD,SELL,2012-01-01 16:26:00,2012-01-01 16:27:00,4.58,4.58,0.93,0.0,60
a518d121-0500-498c-bafa-ed0e2314ec66,user_6,BTCUSD,SELL,2012-01-01 16:27:00,2012-01-01 16:28:00,4.58,4.58,0.33,0.0,60
b8a52423-914f-466c-a313-a0496a7c95c9,user_6,BTCUSD,SELL,2012-01-01 16:28:00,2012-01-01 16:29:00,4.58,4.58,0.26,0.0,60
1c98bf88-e4c5-4cce-9788-adb16eeea904,user_5,BTCUSD,SELL,2012-01-01 16:29:00,2012-01-01 16:30:00,4.58,4.58,0.89,0.0,60
ddc8d649-c0ce-4a0c-8dee-c7a8d1e7b33d,user_10,BTCUSD,BUY,2012-01-01 16:30:00,2012-01-01 16:31:00,4.58,4.58,0.54,0.0,60
6f112d1e-3c43-4694-929e-1dd086cb1822,user_9,BTCUSD,SELL,2012-01-01 16:31:00,2012-01-01 16:32:00,4.58,4.58,0.05,0.0,60
bb4c7c19-f449-4537-bc82-1dc74af7b226,user_6,BTCUSD,BUY,2012-01-01 16:32:00,2012-01-01 16:33:00,4.58,4.58,0.23,0.0,60
4a9357b2-828b-483e-ba25-cec4398425b1,user_4,BTCUSD,BUY,2012-01-01 16:33:00,2012-01-01 16:34:00,4.58,4.58,0.19,0.0,60
ba98bda6-bb79-43fb-a480-ac60430f7a37,user_2,BTCUSD,BUY,2012-01-01 16:34:00,2012-01-01 16:35:00,4.58,4.58,0.59,0.0,60
f1f6a5ac-1426-4ce9-a1cc-df5e817125c8,user_10,BTCUSD,SELL,2012-01-01 16:35:00,2012-01-01 16:36:00,4.58,4.58,0.84,0.0,60
babddc83-b57b-46eb-8acc-1d94438cc231,user_8,BTCUSD,BUY,2012-01-01 16:36:00,2012-01-01 16:37:00,4.58,4.58,0.06,0.0,60
24c7aa27-f286-4557-85cf-7d09fb1ae7a3,user_3,BTCUSD,SELL,2012-01-01 16:37:00,2012-01-01 16:38:00,4.58,4.58,0.57,0.0,60
238c0b1e-f657-4faf-9923-280efe6c7ef2,user_6,BTCUSD,SELL,2012-01-01 16:38:00,2012-01-01 16:39:00,4.58,4.58,0.22,0.0,60
69aa6438-8e7a-4326-ab03-06aa29d3f921,user_1,BTCUSD,SELL,2012-01-01 16:39:00,2012-01-01 16:40:00,4.58,4.58,0.98,0.0,60
678e1e86-e09d-4cd0-aceb-9ad9b5e03537,user_8,BTCUSD,BUY,2012-01-01 16:40:00,2012-01-01 16:41:00,4.58,4.58,0.4,0.0,60
594af676-79ac-418b-bd23-2c85b55b444f,user_5,BTCUSD,SELL,2012-01-01 16:41:00,2012-01-01 16:42:00,4.58,4.58,0.71,0.0,60
0564b50f-357d-4435-85db-e85bfe6fa700,user_3,BTCUSD,SELL,2012-01-01 16:42:00,2012-01-01 16:43:00,4.58,4.58,0.11,0.0,60
a52d6e97-4bce-486c-9c0a-981f54ff64b4,user_9,BTCUSD,BUY,2012-01-01 16:43:00,2012-01-01 16:44:00,4.58,4.58,0.78,0.0,60
fad34cda-ed4a-4f36-a679-b893c0cef49f,user_1,BTCUSD,SELL,2012-01-01 16:44:00,2012-01-01 16:45:00,4.58,4.58,0.64,0.0,60
50782329-8c90-4bdd-a45c-aa9f8cf8a2fb,user_4,BTCUSD,BUY,2012-01-01 16:45:00,2012-01-01 16:46:00,4.58,4.58,0.91,0.0,60
8f2753f4-bdc8-4cc4-ace8-fbbcdf521128,user_4,BTCUSD,BUY,2012-01-01 16:46:00,2012-01-01 16:47:00,4.58,4.58,0.87,0.0,60
b0667531-2199-4ffa-8da4-2fce5db5e630,user_3,BTCUSD,SELL,2012-01-01 16:47:00,2012-01-01 16:48:00,4.58,4.58,0.3,0.0,60
82a7ff6f-8e4a-407f-9c91-b6d03ffb9fc7,user_1,BTCUSD,SELL,2012-01-01 16:48:00,2012-01-01 16:49:00,4.58,4.58,0.32,0.0,60
78393c3b-ba87-48d1-8e93-cab3ad903fa0,user_3,BTCUSD,BUY,2012-01-01 16:49:00,2012-01-01 16:50:00,4.58,4.58,0.41,0.0,60
6e271c07-292d-400f-ac66-d1b9ec298e9e,user_6,BTCUSD,BUY,2012-01-01 16:50:00,2012-01-01 16:51:00,4.58,4.58,0.05,0.0,60
73099c45-25be-4245-b5f9-48b97e596e3c,user_5,BTCUSD,SELL,2012-01-01 16:51:00,2012-01-01 16:52:00,4.58,4.58,0.02,0.0,60
1589fc4d-d774-4a26-aca6-5ee34f1d6e30,user_1,BTCUSD,BUY,2012-01-01 16:52:00,2012-01-01 16:53:00,4.58,4.58,0.33,0.0,60
5e67ceb7-c4dc-4804-8577-54d27ea05c7b,user_2,BTCUSD,BUY,2012-01-01 16:53:00,2012-01-01 16:54:00,4.58,4.58,0.03,0.0,60
27bf6e46-5d52-40ed-8b59-df574bc046a1,user_6,BTCUSD,SELL,2012-01-01 16:54:00,2012-01-01 16:55:00,4.58,4.58,0.41,0.0,60
610cd7b4-aaaf-4517-8a1b-461adae43431,user_10,BTCUSD,BUY,2012-01-01 16:55:00,2012-01-01 16:56:00,4.58,4.58,0.94,0.0,60
b3593bec-9211-4ae2-957e-fc3793f7f282,user_3,BTCUSD,BUY,2012-01-01 16:56:00,2012-01-01 16:57:00,4.58,4.58,0.33,0.0,60
3da5466b-3757-4615-80a8-528cb425f2fc,user_8,BTCUSD,BUY,2012-01-01 16:57:00,2012-01-01 16:58:00,4.58,4.58,0.99,0.0,60
7e5123ad-4dc5-4079-aae6-0de351587dd8,user_5,BTCUSD,BUY,2012-01-01 16:58:00,2012-01-01 16:59:00,4.58,4.58,0.85,0.0,60
4a1a93c5-231e-48cc-acbc-1996ba153f48,user_8,BTCUSD,BUY,2012-01-01 16:59:00,2012-01-01 17:00:00,4.58,4.58,0.23,0.0,60
77e2849c-fc28-4c6b-a1f1-7c8d0065ab9c,user_5,BTCUSD,BUY,2012-01-01 17:00:00,2012-01-01 17:01:00,4.58,4.58,0.3,0.0,60
de32f51e-bf10-40ab-b3b8-081d4f6b5c5d,user_1,BTCUSD,SELL,2012-01-01 17:01:00,2012-01-01 17:02:00,4.58,4.58,0.37,0.0,60
db584646-ee30-4549-9884-8421ab34a335,user_3,BTCUSD,SELL,2012-01-01 17:02:00,2012-01-01 17:03:00,4.58,4.58,0.76,0.0,60
e19efd01-5908-49c3-a7c4-adbc2c817691,user_8,BTCUSD,BUY,2012-01-01 17:03:00,2012-01-01 17:04:00,4.58,4.58,0.02,0.0,60
5d138a60-8b4e-4a9e-ade3-891b12e25f52,user_10,BTCUSD,SELL,2012-01-01 17:04:00,2012-01-01 17:05:00,4.58,4.58,0.56,0.0,60
92d127c4-a814-4ab2-93e1-3224775f60c1,user_2,BTCUSD,SELL,2012-01-01 17:05:00,2012-01-01 17:06:00,4.58,4.58,0.11,0.0,60
cb2612b4-e2b2-4621-b6e2-c6c01e32e3c6,user_4,BTCUSD,BUY,2012-01-01 17:06:00,2012-01-01 17:07:00,4.58,4.58,0.47,0.0,60
43088a58-4c69-426e-a72a-fa37134cd58b,user_9,BTCUSD,BUY,2012-01-01 17:07:00,2012-01-01 17:08:00,4.58,4.58,0.21,0.0,60
7876095c-1806-4ac9-a7af-64c79ea79c47,user_2,BTCUSD,BUY,2012-01-01 17:08:00,2012-01-01 17:09:00,4.58,4.58,0.72,0.0,60
5ecbb694-011a-4cb2-b7dd-b06784402f37,user_2,BTCUSD,SELL,2012-01-01 17:09:00,2012-01-01 17:10:00,4.58,4.58,0.43,0.0,60
664200a6-8bb4-4b20-a190-b770757b8cb8,user_3,BTCUSD,SELL,2012-01-01 17:10:00,2012-01-01 17:11:00,4.58,4.58,0.62,0.0,60
686a2832-32f6-4313-b5aa-032a6e607782,user_6,BTCUSD,SELL,2012-01-01 17:11:00,2012-01-01 17:12:00,4.58,4.58,0.67,0.0,60
6d424a76-96c4-4980-a20c-e8c908badc58,user_10,BTCUSD,BUY,2012-01-01 17:12:00,2012-01-01 17:13:00,4.58,4.58,0.52,0.0,60
cadb1697-de1c-4d3d-8d83-a7bb87c1f797,user_7,BTCUSD,SELL,2012-01-01 17:13:00,2012-01-01 17:14:00,4.58,4.58,0.76,0.0,60
c4312b29-03bb-4114-8ef2-bddfb5657a31,user_4,BTCUSD,BUY,2012-01-01 17:14:00,2012-01-01 17:15:00,4.58,4.58,0.52,0.0,60
e368c71f-39dc-4118-8a95-f7e3b6062295,user_8,BTCUSD,SELL,2012-01-01 17:15:00,2012-01-01 17:16:00,4.58,4.58,0.12,0.0,60
ab3c4371-c938-499c-8cd2-999ebd354b26,user_6,BTCUSD,BUY,2012-01-01 17:16:00,2012-01-01 17:17:00,4.58,4.58,0.19,0.0,60
31540094-b66c-480d-9d1a-481874aff1d5,user_1,BTCUSD,BUY,2012-01-01 17:17:00,2012-01-01 17:18:00,4.58,4.58,0.95,0.0,60
01ca8954-ff10-4802-94b5-e68889805467,user_5,BTCUSD,BUY,2012-01-01 17:18:00,2012-01-01 17:19:00,4.58,4.58,0.1,0.0,60
d16a5473-4e09-4f2e-b44c-fd21abadbda4,user_9,BTCUSD,SELL,2012-01-01 17:19:00,2012-01-01 17:20:00,4.58,4.58,0.57,0.0,60
83244767-327a-432f-bc7f-461dace6886f,user_10,BTCUSD,SELL,2012-01-01 17:20:00,2012-01-01 17:21:00,4.58,4.58,0.29,0.0,60
f747249f-c57a-40d1-93c9-22d2d145002c,user_4,BTCUSD,BUY,2012-01-01 17:21:00,2012-01-01 17:22:00,4.58,4.58,0.6,0.0,60
ea62cca7-edea-440a-8393-962e9809246b,user_8,BTCUSD,BUY,2012-01-01 17:22:00,2012-01-01 17:23:00,4.58,4.58,0.66,0.0,60
44aa6d07-fade-4086-8e77-f6b78473476b,user_8,BTCUSD,BUY,2012-01-01 17:23:00,2012-01-01 17:24:00,4.58,4.58,0.92,0.0,60
ad3718d3-557e-4982-93ef-54899c13bd01,user_2,BTCUSD,BUY,2012-01-01 17:24:00,2012-01-01 17:25:00,4.58,4.58,0.87,0.0,60
b10e77ba-e92c-40d4-b4f1-91468fe4477c,user_10,BTCUSD,SELL,2012-01-01 17:25:00,2012-01-01 17:26:00,4.58,4.58,0.36,0.0,60
0a9cd7bc-6ace-480e-af1c-bda0fcadc426,user_7,BTCUSD,SELL,2012-01-01 17:26:00,2012-01-01 17:27:00,4.58,4.58,0.07,0.0,60
4115d326-011e-494d-84a2-61f02624b940,user_8,BTCUSD,BUY,2012-01-01 17:27:00,2012-01-01 17:28:00,4.58,4.58,0.02,0.0,60
35b29d6e-6b04-4960-9a4b-e40c850dbb27,user_5,BTCUSD,SELL,2012-01-01 17:28:00,2012-01-01 17:29:00,4.58,4.58,0.1,0.0,60
29e9691c-1688-4e4f-bcf8-c7f1205e521b,user_10,BTCUSD,BUY,2012-01-01 17:29:00,2012-01-01 17:30:00,4.58,4.58,0.7,0.0,60
47f0edc5-1a86-4544-b72e-c8f26305de11,user_5,BTCUSD,BUY,2012-01-01 17:30:00,2012-01-01 17:31:00,4.58,4.58,0.23,0.0,60
7ccf5281-f4aa-4d48-aa61-3e372031d86e,user_2,BTCUSD,SELL,2012-01-01 17:31:00,2012-01-01 17:32:00,4.58,4.58,0.55,0.0,60
3c30716d-fd66-4db8-b83c-0757d11505b7,user_3,BTCUSD,SELL,2012-01-01 17:32:00,2012-01-01 17:33:00,4.58,4.58,0.27,0.0,60
8d8f1ad6-b41f-4e99-a047-40a15cde41b0,user_8,BTCUSD,BUY,2012-01-01 17:33:00,2012-01-01 17:34:00,4.58,4.58,0.06,0.0,60
b8223ea2-f973-4942-9c65-95ebc2296b44,user_7,BTCUSD,SELL,2012-01-01 17:34:00,2012-01-01 17:35:00,4.58,4.58,0.83,0.0,60
8f6b5227-a274-4fbe-b1f0-40c7a3ee0f35,user_6,BTCUSD,SELL,2012-01-01 17:35:00,2012-01-01 17:36:00,4.58,4.58,0.1,0.0,60
119f2185-0446-4b5d-bb87-87185fdfa682,user_8,BTCUSD,BUY,2012-01-01 17:36:00,2012-01-01 17:37:00,4.58,4.58,0.15,0.0,60
dbd3655b-0fe9-4b76-a7f9-be3856c71453,user_10,BTCUSD,BUY,2012-01-01 17:37:00,2012-01-01 17:38:00,4.58,4.58,0.79,0.0,60
ba784b26-f567-4421-b377-ab76251d0d5c,user_3,BTCUSD,BUY,2012-01-01 17:38:00,2012-01-01 17:39:00,4.58,4.58,0.8,0.0,60
8f1b455a-cd3b-4bd6-bae0-c52db15d5612,user_4,BTCUSD,SELL,2012-01-01 17:39:00,2012-01-01 17:40:00,4.58,4.58,0.34,0.0,60
c68ef9fa-80fe-4a83-a233-64c26bcc0fe0,user_1,BTCUSD,BUY,2012-01-01 17:40:00,2012-01-01 17:41:00,4.58,4.58,0.55,0.0,60
22c4e4bc-ac15-48a3-8e19-d2c938d0db4f,user_3,BTCUSD,BUY,2012-01-01 17:41:00,2012-01-01 17:42:00,4.58,4.58,0.59,0.0,60
9602365c-4725-4349-b873-b19e86cf5217,user_2,BTCUSD,BUY,2012-01-01 17:42:00,2012-01-01 17:43:00,4.58,4.58,0.75,0.0,60
060962c5-3d7a-4e20-92d4-1f93bc1bba6c,user_6,BTCUSD,BUY,2012-01-01 17:43:00,2012-01-01 17:44:00,4.58,4.58,0.1,0.0,60
4c73784c-1063-4a7c-a05c-0bcd94955691,user_6,BTCUSD,SELL,2012-01-01 17:44:00,2012-01-01 17:45:00,4.58,4.58,0.36,0.0,60
e26677fc-d94d-45c4-8855-bf729bc5c963,user_3,BTCUSD,BUY,2012-01-01 17:45:00,2012-01-01 17:46:00,4.58,4.58,0.29,0.0,60
44c7e1ac-a143-45b2-8a75-81ca9263efe0,user_1,BTCUSD,SELL,2012-01-01 17:46:00,2012-01-01 17:47:00,4.58,4.58,0.52,0.0,60
2b92214e-2aaa-4bcd-8443-0e08b814a132,user_8,BTCUSD,BUY,2012-01-01 17:47:00,2012-01-01 17:48:00,4.58,4.58,0.75,0.0,60
950b6b3f-2340-496b-a84c-544aa99de571,user_4,BTCUSD,SELL,2012-01-01 17:48:00,2012-01-01 17:49:00,4.58,4.58,0.9,0.0,60
44fe9060-1e79-446d-8d8e-c6f14cdd2130,user_5,BTCUSD,BUY,2012-01-01 17:49:00,2012-01-01 17:50:00,4.58,4.58,0.49,0.0,60
d207a4c1-9d62-4c12-ac24-6bb03c3c5f63,user_3,BTCUSD,SELL,2012-01-01 17:50:00,2012-01-01 17:51:00,4.58,4.58,0.72,0.0,60
d5c201b2-7c93-4d08-a0f5-1f85abf18639,user_6,BTCUSD,BUY,2012-01-01 17:51:00,2012-01-01 17:52:00,4.58,4.58,0.68,0.0,60
6f6b717c-c744-45f5-90d8-0cb6d53ce1e7,user_1,BTCUSD,BUY,2012-01-01 17:52:00,2012-01-01 17:53:00,4.58,4.58,0.15,0.0,60
3feace53-5f8c-4f97-8c99-e94c5cb97cd6,user_7,BTCUSD,BUY,2012-01-01 17:53:00,2012-01-01 17:54:00,4.58,4.58,0.76,0.0,60
f6e93503-ea7a-4a9e-abcd-5abb5d6b0f8c,user_1,BTCUSD,BUY,2012-01-01 17:54:00,2012-01-01 17:55:00,4.58,4.58,0.91,0.0,60
3818f936-f998-49e3-b0d9-67a248c3ca42,user_1,BTCUSD,BUY,2012-01-01 17:55:00,2012-01-01 17:56:00,4.58,4.58,0.36,0.0,60
a034788d-add6-447e-9a6d-087638d4a6e6,user_3,BTCUSD,BUY,2012-01-01 17:56:00,2012-01-01 17:57:00,4.58,4.58,0.67,0.0,60
c41034fd-5ca4-4b01-a581-efd1dd5b995f,user_10,BTCUSD,BUY,2012-01-01 17:57:00,2012-01-01 17:58:00,4.58,4.58,0.32,0.0,60
0a0dd6c7-add3-45cd-af9c-8ca9d09f1d59,user_10,BTCUSD,SELL,2012-01-01 17:58:00,2012-01-01 17:59:00,4.58,4.58,0.88,0.0,60
4ba4aecf-9f39-4aec-95ef-d7b046d56a9c,user_5,BTCUSD,BUY,2012-01-01 17:59:00,2012-01-01 18:00:00,4.58,4.58,0.06,0.0,60
56732a46-dd48-42bc-8e27-ce5a94ada049,user_9,BTCUSD,BUY,2012-01-01 18:00:00,2012-01-01 18:01:00,4.58,4.58,0.62,0.0,60
1afa51e3-43a4-43d1-9045-5d45a1168901,user_3,BTCUSD,SELL,2012-01-01 18:01:00,2012-01-01 18:02:00,4.58,4.58,0.76,0.0,60
d49eb943-8e81-42f3-9b7d-7e8ec0f311d7,user_7,BTCUSD,BUY,2012-01-01 18:02:00,2012-01-01 18:03:00,4.58,4.58,0.86,0.0,60
d7c77eb3-3b52-49db-a1d6-ca6176f41d3e,user_9,BTCUSD,SELL,2012-01-01 18:03:00,2012-01-01 18:04:00,4.58,4.58,0.67,0.0,60
84873afa-12d0-475e-8b19-e8e5cdcced72,user_1,BTCUSD,SELL,2012-01-01 18:04:00,2012-01-01 18:05:00,4.58,4.58,0.83,0.0,60
59c92199-590e-4a61-bc44-70b26b8b3013,user_1,BTCUSD,SELL,2012-01-01 18:05:00,2012-01-01 18:06:00,4.58,4.58,0.49,0.0,60
3e68cb33-4c0b-4ee7-8b5b-df329d809edc,user_9,BTCUSD,SELL,2012-01-01 18:06:00,2012-01-01 18:07:00,4.58,4.58,0.98,0.0,60
3df0b512-479a-4f12-abfd-0bfd58c40bbf,user_8,BTCUSD,BUY,2012-01-01 18:07:00,2012-01-01 18:08:00,4.58,4.58,0.69,0.0,60
4416f632-74bd-4dca-a9ef-c76581a4e811,user_5,BTCUSD,SELL,2012-01-01 18:08:00,2012-01-01 18:09:00,4.58,4.58,0.15,0.0,60
2e258569-ff48-4d7b-8664-3d22861d552c,user_10,BTCUSD,BUY,2012-01-01 18:09:00,2012-01-01 18:10:00,4.58,4.58,0.17,0.0,60
e39a0bbc-1b6d-400c-8daf-d08120f9c419,user_10,BTCUSD,BUY,2012-01-01 18:10:00,2012-01-01 18:11:00,4.58,4.58,0.02,0.0,60
af3f01e4-79e8-4a79-8161-2b528ed0b8ff,user_10,BTCUSD,SELL,2012-01-01 18:11:00,2012-01-01 18:12:00,4.58,4.58,0.26,0.0,60
46e627a0-c3f1-470e-8834-ddb812382c24,user_9,BTCUSD,BUY,2012-01-01 18:12:00,2012-01-01 18:13:00,4.58,4.58,0.39,0.0,60
ad4ce3a6-d158-4e7f-bc4e-54b228d34a41,user_3,BTCUSD,SELL,2012-01-01 18:13:00,2012-01-01 18:14:00,4.58,4.58,0.27,0.0,60
04ca77b9-ddfb-4cac-9546-13ed35f9e2e0,user_4,BTCUSD,SELL,2012-01-01 18:14:00,2012-01-01 18:15:00,4.58,4.58,0.2,0.0,60
a52ae5d6-c993-49fd-be77-87c93605168f,user_9,BTCUSD,BUY,2012-01-01 18:15:00,2012-01-01 18:16:00,4.58,4.58,0.29,0.0,60
60982bea-5f45-4fb5-921a-cf15819875fc,user_3,BTCUSD,SELL,2012-01-01 18:16:00,2012-01-01 18:17:00,4.58,4.58,0.79,0.0,60
f8c85849-8380-406b-9ec0-70a4abd61153,user_2,BTCUSD,BUY,2012-01-01 18:17:00,2012-01-01 18:18:00,4.58,4.58,0.97,0.0,60
52d1bc59-7b47-4d36-b6ca-836cb58c4923,user_7,BTCUSD,SELL,2012-01-01 18:18:00,2012-01-01 18:19:00,4.58,4.58,0.46,0.0,60
5f9b3c12-645d-4b3c-8ae0-31e7d60af39b,user_8,BTCUSD,SELL,2012-01-01 18:19:00,2012-01-01 18:20:00,4.58,4.58,0.73,0.0,60
